{"_id":{"$oid":"56d7e5be183ad9db747b1974"},"ques_name":"Have you had any measured fevers \u003e 101.5 F?","answer_type":"rb","gender":"b","question":{"$oid":"56655bfc24845ae44529ef21"},"ans":{"$oid":"56655bfc24845ae44529ef22"},"questionnaire":{"$oid":"56668286f42cbc913ec53e93"},"datetime":1456833548,"clinic":{"$oid":"562639c1b3f741c3756573da"},"patientanswer":{"$oid":"56d7e5be183ad9db747b1973"},"patient_first_name":"test","patient_last_name":"patient","patient_email":"test@mail.com","patient_username":"test","patient_mobile":9.874563212e+09,"patient_surgery":"Urology","clinic_name":"All India Institute of Medical Science","clinic_first_name":"Test","clinic_last_name":"name","clinic_email":"support@aiims.com","clinic_username":"test_clinic","clinic_mobile":7.412589635e+09,"is_dismissed":1,"is_noted":0,"answer_out_of_range":["true"],"answer_name":["No"],"__v":0,"modified":1.4572055002e+12}
{"_id":{"$oid":"56d7e5be183ad9db747b1975"},"ques_name":"What color is your urine currently?","answer_type":"cb","gender":"b","question":{"$oid":"563c99c65472ced713337359"},"questionnaire":{"$oid":"56668286f42cbc913ec53e93"},"datetime":1456833548,"clinic":{"$oid":"562639c1b3f741c3756573da"},"patientanswer":{"$oid":"56d7e5be183ad9db747b1973"},"patient_first_name":"test","patient_last_name":"patient","patient_email":"test@mail.com","patient_username":"test","patient_mobile":9.874563212e+09,"patient_surgery":"Urology","clinic_name":"All India Institute of Medical Science","clinic_first_name":"Test","clinic_last_name":"name","clinic_email":"support@aiims.com","clinic_username":"test_clinic","clinic_mobile":7.412589635e+09,"is_dismissed":1,"is_noted":0,"answer_out_of_range":["true"],"answer_name":["Looks like pure blood"],"multians":[{"$oid":"56655a7724845ae44529ef1d"}],"__v":0,"modified":1.457205497337e+12}
{"_id":{"$oid":"56d7e727f4b35499752e497a"},"ques_name":"Have you had any difficulty breathing?","answer_type":"rb","gender":"b","question":{"$oid":"56655c2b24845ae44529ef27"},"ans":{"$oid":"56aeebcf48e2a366373d9de0"},"questionnaire":{"$oid":"56668286f42cbc913ec53e93"},"datetime":1456819147,"clinic":{"$oid":"562639c1b3f741c3756573da"},"patientanswer":{"$oid":"56d7e727f4b35499752e4979"},"patient_first_name":"test","patient_last_name":"patient","patient_email":"test@mail.com","patient_username":"test","patient_mobile":9.874563212e+09,"patient_surgery":"Urology","clinic_name":"All India Institute of Medical Science","clinic_first_name":"Test","clinic_last_name":"name","clinic_email":"support@aiims.com","clinic_username":"test_clinic","clinic_mobile":7.412589635e+09,"is_dismissed":1,"is_noted":0,"answer_out_of_range":["true"],"answer_name":["Yes"],"__v":0,"modified":1.457205494261e+12}
{"_id":{"$oid":"56d7e727f4b35499752e497b"},"ques_name":"Have you passed gas through your bottom today?","answer_type":"rb","gender":"b","question":{"$oid":"563c51b34f2c779c4ed8473b"},"ans":{"$oid":"563c51b34f2c779c4ed8473c"},"questionnaire":{"$oid":"56668286f42cbc913ec53e93"},"datetime":1456819147,"clinic":{"$oid":"562639c1b3f741c3756573da"},"patientanswer":{"$oid":"56d7e727f4b35499752e4979"},"patient_first_name":"test","patient_last_name":"patient","patient_email":"test@mail.com","patient_username":"test","patient_mobile":9.874563212e+09,"patient_surgery":"Urology","clinic_name":"All India Institute of Medical Science","clinic_first_name":"Test","clinic_last_name":"name","clinic_email":"support@aiims.com","clinic_username":"test_clinic","clinic_mobile":7.412589635e+09,"is_dismissed":1,"is_noted":0,"answer_out_of_range":["true"],"answer_name":["No"],"__v":0,"modified":1.457205491972e+12}
{"_id":{"$oid":"56d7e727f4b35499752e497c"},"ques_name":"What color is your urine currently?","answer_type":"cb","gender":"b","question":{"$oid":"563c99c65472ced713337359"},"questionnaire":{"$oid":"56668286f42cbc913ec53e93"},"datetime":1456819147,"clinic":{"$oid":"562639c1b3f741c3756573da"},"patientanswer":{"$oid":"56d7e727f4b35499752e4979"},"patient_first_name":"test","patient_last_name":"patient","patient_email":"test@mail.com","patient_username":"test","patient_mobile":9.874563212e+09,"patient_surgery":"Urology","clinic_name":"All India Institute of Medical Science","clinic_first_name":"Test","clinic_last_name":"name","clinic_email":"support@aiims.com","clinic_username":"test_clinic","clinic_mobile":7.412589635e+09,"is_dismissed":1,"is_noted":0,"answer_out_of_range":["true","true"],"answer_name":["Pink/light red with clots","Looks like pure blood"],"multians":[{"$oid":"56655a0d24845ae44529ef18"},{"$oid":"56655a7724845ae44529ef1d"}],"__v":0,"modified":1.457205405266e+12}
{"_id":{"$oid":"56d7e727f4b35499752e497d"},"ques_name":"Have you had any measured fevers \u003e 101.5 F?","answer_type":"rb","gender":"b","question":{"$oid":"56655bfc24845ae44529ef21"},"ans":{"$oid":"56655bfc24845ae44529ef23"},"questionnaire":{"$oid":"56668286f42cbc913ec53e93"},"datetime":1456819147,"clinic":{"$oid":"562639c1b3f741c3756573da"},"patientanswer":{"$oid":"56d7e727f4b35499752e4979"},"patient_first_name":"test","patient_last_name":"patient","patient_email":"test@mail.com","patient_username":"test","patient_mobile":9.874563212e+09,"patient_surgery":"Urology","clinic_name":"All India Institute of Medical Science","clinic_first_name":"Test","clinic_last_name":"name","clinic_email":"support@aiims.com","clinic_username":"test_clinic","clinic_mobile":7.412589635e+09,"is_dismissed":1,"is_noted":0,"answer_out_of_range":["true"],"answer_name":["Yes"],"__v":0,"modified":1.457205402666e+12}
{"_id":{"$oid":"56d7e727f4b35499752e497e"},"ques_name":"Have you had any chest pain today?","answer_type":"rb","gender":"b","question":{"$oid":"56655c1924845ae44529ef24"},"ans":{"$oid":"56aeebb048e2a366373d9dde"},"questionnaire":{"$oid":"56668286f42cbc913ec53e93"},"datetime":1456819147,"clinic":{"$oid":"562639c1b3f741c3756573da"},"patientanswer":{"$oid":"56d7e727f4b35499752e4979"},"patient_first_name":"test","patient_last_name":"patient","patient_email":"test@mail.com","patient_username":"test","patient_mobile":9.874563212e+09,"patient_surgery":"Urology","clinic_name":"All India Institute of Medical Science","clinic_first_name":"Test","clinic_last_name":"name","clinic_email":"support@aiims.com","clinic_username":"test_clinic","clinic_mobile":7.412589635e+09,"is_dismissed":1,"is_noted":0,"answer_out_of_range":["true"],"answer_name":["Yes"],"__v":0,"modified":1.457205399937e+12}
{"_id":{"$oid":"56d7e727f4b35499752e497f"},"ques_name":"Do you have any nausea or vomiting?","answer_type":"rb","gender":"b","question":{"$oid":"565eb97ad8d9712128788da9"},"ans":{"$oid":"565eb97ad8d9712128788dac"},"questionnaire":{"$oid":"56668286f42cbc913ec53e93"},"datetime":1456819147,"clinic":{"$oid":"562639c1b3f741c3756573da"},"patientanswer":{"$oid":"56d7e727f4b35499752e4979"},"patient_first_name":"test","patient_last_name":"patient","patient_email":"test@mail.com","patient_username":"test","patient_mobile":9.874563212e+09,"patient_surgery":"Urology","clinic_name":"All India Institute of Medical Science","clinic_first_name":"Test","clinic_last_name":"name","clinic_email":"support@aiims.com","clinic_username":"test_clinic","clinic_mobile":7.412589635e+09,"is_dismissed":1,"is_noted":0,"answer_out_of_range":["true"],"answer_name":["Yes"],"__v":0,"modified":1.457205397522e+12}
{"_id":{"$oid":"56d7e790f4b35499752e4981"},"ques_name":"Have you had any measured fevers \u003e 101.5 F?","answer_type":"rb","gender":"b","question":{"$oid":"56655bfc24845ae44529ef21"},"ans":{"$oid":"56655bfc24845ae44529ef23"},"questionnaire":{"$oid":"56668286f42cbc913ec53e93"},"datetime":1456651647,"clinic":{"$oid":"562639c1b3f741c3756573da"},"patientanswer":{"$oid":"56d7e790f4b35499752e4980"},"patient_first_name":"test","patient_last_name":"patient","patient_email":"test@mail.com","patient_username":"test","patient_mobile":9.874563212e+09,"patient_surgery":"Urology","clinic_name":"All India Institute of Medical Science","clinic_first_name":"Test","clinic_last_name":"name","clinic_email":"support@aiims.com","clinic_username":"test_clinic","clinic_mobile":7.412589635e+09,"is_dismissed":1,"is_noted":0,"answer_out_of_range":["true"],"answer_name":["Yes"],"__v":0,"modified":1.457205394906e+12}
{"_id":{"$oid":"56d7e790f4b35499752e4982"},"ques_name":"What color is your urine currently?","answer_type":"cb","gender":"b","question":{"$oid":"563c99c65472ced713337359"},"questionnaire":{"$oid":"56668286f42cbc913ec53e93"},"datetime":1456651647,"clinic":{"$oid":"562639c1b3f741c3756573da"},"patientanswer":{"$oid":"56d7e790f4b35499752e4980"},"patient_first_name":"test","patient_last_name":"patient","patient_email":"test@mail.com","patient_username":"test","patient_mobile":9.874563212e+09,"patient_surgery":"Urology","clinic_name":"All India Institute of Medical Science","clinic_first_name":"Test","clinic_last_name":"name","clinic_email":"support@aiims.com","clinic_username":"test_clinic","clinic_mobile":7.412589635e+09,"is_dismissed":1,"is_noted":0,"answer_out_of_range":["true"],"answer_name":["Yellow/brown with small clots"],"multians":[{"$oid":"56655a0d24845ae44529ef19"}],"__v":0,"modified":1.457205392355e+12}
{"_id":{"$oid":"56d7e7d1f4b35499752e4984"},"ques_name":"Have you had any difficulty breathing?","answer_type":"rb","gender":"b","question":{"$oid":"56655c2b24845ae44529ef27"},"ans":{"$oid":"56aeebcf48e2a366373d9de0"},"questionnaire":{"$oid":"56668286f42cbc913ec53e93"},"datetime":1456649847,"clinic":{"$oid":"562639c1b3f741c3756573da"},"patientanswer":{"$oid":"56d7e7d1f4b35499752e4983"},"patient_first_name":"test","patient_last_name":"patient","patient_email":"test@mail.com","patient_username":"test","patient_mobile":9.874563212e+09,"patient_surgery":"Urology","clinic_name":"All India Institute of Medical Science","clinic_first_name":"Test","clinic_last_name":"name","clinic_email":"support@aiims.com","clinic_username":"test_clinic","clinic_mobile":7.412589635e+09,"is_dismissed":1,"is_noted":0,"answer_out_of_range":["true"],"answer_name":["Yes"],"__v":0,"modified":1.457205389017e+12}
{"_id":{"$oid":"56d7e7d1f4b35499752e4985"},"ques_name":"Have you passed gas through your bottom today?","answer_type":"rb","gender":"b","question":{"$oid":"563c51b34f2c779c4ed8473b"},"ans":{"$oid":"563c51b34f2c779c4ed8473c"},"questionnaire":{"$oid":"56668286f42cbc913ec53e93"},"datetime":1456649847,"clinic":{"$oid":"562639c1b3f741c3756573da"},"patientanswer":{"$oid":"56d7e7d1f4b35499752e4983"},"patient_first_name":"test","patient_last_name":"patient","patient_email":"test@mail.com","patient_username":"test","patient_mobile":9.874563212e+09,"patient_surgery":"Urology","clinic_name":"All India Institute of Medical Science","clinic_first_name":"Test","clinic_last_name":"name","clinic_email":"support@aiims.com","clinic_username":"test_clinic","clinic_mobile":7.412589635e+09,"is_dismissed":1,"is_noted":0,"answer_out_of_range":["true"],"answer_name":["No"],"__v":0,"modified":1.457205386497e+12}
{"_id":{"$oid":"56d7e7d1f4b35499752e4986"},"ques_name":"What color is your urine currently?","answer_type":"cb","gender":"b","question":{"$oid":"563c99c65472ced713337359"},"questionnaire":{"$oid":"56668286f42cbc913ec53e93"},"datetime":1456649847,"clinic":{"$oid":"562639c1b3f741c3756573da"},"patientanswer":{"$oid":"56d7e7d1f4b35499752e4983"},"patient_first_name":"test","patient_last_name":"patient","patient_email":"test@mail.com","patient_username":"test","patient_mobile":9.874563212e+09,"patient_surgery":"Urology","clinic_name":"All India Institute of Medical Science","clinic_first_name":"Test","clinic_last_name":"name","clinic_email":"support@aiims.com","clinic_username":"test_clinic","clinic_mobile":7.412589635e+09,"is_dismissed":1,"is_noted":0,"answer_out_of_range":["true"],"answer_name":["Looks like pure blood"],"multians":[{"$oid":"56655a7724845ae44529ef1d"}],"__v":0,"modified":1.457205383446e+12}
{"_id":{"$oid":"56d7e7d1f4b35499752e4987"},"ques_name":"Have you had any measured fevers \u003e 101.5 F?","answer_type":"rb","gender":"b","question":{"$oid":"56655bfc24845ae44529ef21"},"ans":{"$oid":"56655bfc24845ae44529ef23"},"questionnaire":{"$oid":"56668286f42cbc913ec53e93"},"datetime":1456649847,"clinic":{"$oid":"562639c1b3f741c3756573da"},"patientanswer":{"$oid":"56d7e7d1f4b35499752e4983"},"patient_first_name":"test","patient_last_name":"patient","patient_email":"test@mail.com","patient_username":"test","patient_mobile":9.874563212e+09,"patient_surgery":"Urology","clinic_name":"All India Institute of Medical Science","clinic_first_name":"Test","clinic_last_name":"name","clinic_email":"support@aiims.com","clinic_username":"test_clinic","clinic_mobile":7.412589635e+09,"is_dismissed":1,"is_noted":0,"answer_out_of_range":["true"],"answer_name":["Yes"],"__v":0,"modified":1.457205380433e+12}
{"_id":{"$oid":"56d7e7d1f4b35499752e4988"},"ques_name":"Have you had any chest pain today?","answer_type":"rb","gender":"b","question":{"$oid":"56655c1924845ae44529ef24"},"ans":{"$oid":"56aeebb048e2a366373d9dde"},"questionnaire":{"$oid":"56668286f42cbc913ec53e93"},"datetime":1456649847,"clinic":{"$oid":"562639c1b3f741c3756573da"},"patientanswer":{"$oid":"56d7e7d1f4b35499752e4983"},"patient_first_name":"test","patient_last_name":"patient","patient_email":"test@mail.com","patient_username":"test","patient_mobile":9.874563212e+09,"patient_surgery":"Urology","clinic_name":"All India Institute of Medical Science","clinic_first_name":"Test","clinic_last_name":"name","clinic_email":"support@aiims.com","clinic_username":"test_clinic","clinic_mobile":7.412589635e+09,"is_dismissed":1,"is_noted":0,"answer_out_of_range":["true"],"answer_name":["Yes"],"__v":0,"modified":1.457205503068e+12}
{"_id":{"$oid":"56d7e7d1f4b35499752e4989"},"ques_name":"Do you have any nausea or vomiting?","answer_type":"rb","gender":"b","question":{"$oid":"565eb97ad8d9712128788da9"},"ans":{"$oid":"565eb97ad8d9712128788dac"},"questionnaire":{"$oid":"56668286f42cbc913ec53e93"},"datetime":1456649847,"clinic":{"$oid":"562639c1b3f741c3756573da"},"patientanswer":{"$oid":"56d7e7d1f4b35499752e4983"},"patient_first_name":"test","patient_last_name":"patient","patient_email":"test@mail.com","patient_username":"test","patient_mobile":9.874563212e+09,"patient_surgery":"Urology","clinic_name":"All India Institute of Medical Science","clinic_first_name":"Test","clinic_last_name":"name","clinic_email":"support@aiims.com","clinic_username":"test_clinic","clinic_mobile":7.412589635e+09,"is_dismissed":1,"is_noted":0,"answer_out_of_range":["true"],"answer_name":["Yes"],"__v":0,"modified":1.457205505341e+12}
{"_id":{"$oid":"56e0f1c6c8892eba51b84fcc"},"ques_name":"How many times have you been up to walk in the past 6 hours?","answer_type":"rb","gender":"b","question":{"$oid":"56dbe3a7bb21a5f40459f5a8"},"ans":{"$oid":"56dbe3a7bb21a5f40459f5ab"},"questionnaire":{"$oid":"56dbe407bb21a5f40459f5ad"},"datetime":1457578266,"clinic":{"$oid":"56dbda30bb21a5f40459f56c"},"patientanswer":{"$oid":"56e0f1c6c8892eba51b84fcb"},"patient_first_name":"Mark","patient_last_name":"Hernandez","patient_email":"mphie@hotmail.com","patient_username":"mhernandez","patient_mobile":9.098335133e+09,"patient_surgery":"Kidney","clinic_name":"USC Institute of Urology","clinic_first_name":"Jamal","clinic_last_name":"Nabhani","clinic_email":"jnabhani@gmail.com","clinic_username":"USC","is_dismissed":1,"is_noted":0,"answer_out_of_range":["true"],"answer_name":["1-2"],"__v":0,"modified":1.457845790373e+12}
{"_id":{"$oid":"56e0f1cfc8892eba51b84fce"},"ques_name":"How many times have you been up to walk in the past 6 hours?","answer_type":"rb","gender":"b","question":{"$oid":"56dbe3a7bb21a5f40459f5a8"},"ans":{"$oid":"56dbe3a7bb21a5f40459f5ab"},"questionnaire":{"$oid":"56dbe407bb21a5f40459f5ad"},"datetime":1457577966,"clinic":{"$oid":"56dbda30bb21a5f40459f56c"},"patientanswer":{"$oid":"56e0f1cfc8892eba51b84fcd"},"patient_first_name":"Mark","patient_last_name":"Hernandez","patient_email":"mphie@hotmail.com","patient_username":"mhernandez","patient_mobile":9.098335133e+09,"patient_surgery":"Kidney","clinic_name":"USC Institute of Urology","clinic_first_name":"Jamal","clinic_last_name":"Nabhani","clinic_email":"jnabhani@gmail.com","clinic_username":"USC","is_dismissed":1,"is_noted":0,"answer_out_of_range":["true"],"answer_name":["1-2"],"__v":0,"modified":1.457845792692e+12}
{"_id":{"$oid":"56e17945c8892eba51b84fd9"},"ques_name":"Since your last questionnaire, does you belly feel more bloated or distended?","answer_type":"rb","gender":"b","question":{"$oid":"56dbe0f0bb21a5f40459f59b"},"ans":{"$oid":"56dbe0f0bb21a5f40459f59c"},"questionnaire":{"$oid":"56dbe499bb21a5f40459f5b0"},"datetime":1457596567,"clinic":{"$oid":"56dbda30bb21a5f40459f56c"},"patientanswer":{"$oid":"56e17945c8892eba51b84fd8"},"patient_first_name":"john","patient_last_name":"nab","patient_email":"johnnab@gmail.com","patient_username":"jnab1","patient_mobile":1234567891,"patient_surgery":"Kidney","clinic_name":"USC Institute of Urology","clinic_first_name":"Jamal","clinic_last_name":"Nabhani","clinic_email":"jnabhani@gmail.com","clinic_username":"USC","is_dismissed":1,"is_noted":0,"answer_out_of_range":["true"],"answer_name":["No"],"__v":0,"modified":1.457845795272e+12}
{"_id":{"$oid":"56e1870ac8892eba51b84fdb"},"ques_name":"How many times have you been up to walk in the past 6 hours?","answer_type":"rb","gender":"b","question":{"$oid":"56dbe3a7bb21a5f40459f5a8"},"ans":{"$oid":"56dbe3a7bb21a5f40459f5ac"},"questionnaire":{"$oid":"56dbe407bb21a5f40459f5ad"},"datetime":1457603767,"clinic":{"$oid":"56dbda30bb21a5f40459f56c"},"patientanswer":{"$oid":"56e1870ac8892eba51b84fda"},"patient_first_name":"Mark","patient_last_name":"Hernandez","patient_email":"mphie@hotmail.com","patient_username":"mhernandez","patient_mobile":9.098335133e+09,"patient_surgery":"Kidney","clinic_name":"USC Institute of Urology","clinic_first_name":"Jamal","clinic_last_name":"Nabhani","clinic_email":"jnabhani@gmail.com","clinic_username":"USC","is_dismissed":1,"is_noted":0,"answer_out_of_range":["true"],"answer_name":["0"],"__v":0,"modified":1.457845797908e+12}
{"_id":{"$oid":"56e187b9c8892eba51b84fdd"},"ques_name":"Since your last questionnaire, does you belly feel more bloated or distended?","answer_type":"rb","gender":"b","question":{"$oid":"56dbe0f0bb21a5f40459f59b"},"ans":{"$oid":"56dbe0f0bb21a5f40459f59c"},"questionnaire":{"$oid":"56dbe499bb21a5f40459f5b0"},"datetime":1457596567,"clinic":{"$oid":"56dbda30bb21a5f40459f56c"},"patientanswer":{"$oid":"56e187b9c8892eba51b84fdc"},"patient_first_name":"Mark","patient_last_name":"Hernandez","patient_email":"mphie@hotmail.com","patient_username":"mhernandez","patient_mobile":9.098335133e+09,"patient_surgery":"Kidney","clinic_name":"USC Institute of Urology","clinic_first_name":"Jamal","clinic_last_name":"Nabhani","clinic_email":"jnabhani@gmail.com","clinic_username":"USC","is_dismissed":1,"is_noted":0,"answer_out_of_range":["true"],"answer_name":["No"],"__v":0,"modified":1.457845800564e+12}
{"_id":{"$oid":"56e1ae83c8892eba51b84fe3"},"ques_name":"How many times have you been up to walk in the past 6 hours?","answer_type":"rb","gender":"b","question":{"$oid":"56dbe3a7bb21a5f40459f5a8"},"ans":{"$oid":"56dbe3a7bb21a5f40459f5ab"},"questionnaire":{"$oid":"56dbe407bb21a5f40459f5ad"},"datetime":1457625367,"clinic":{"$oid":"56dbda30bb21a5f40459f56c"},"patientanswer":{"$oid":"56e1ae83c8892eba51b84fe2"},"patient_first_name":"Mark","patient_last_name":"Hernandez","patient_email":"mphie@hotmail.com","patient_username":"mhernandez","patient_mobile":9.098335133e+09,"patient_surgery":"Kidney","clinic_name":"USC Institute of Urology","clinic_first_name":"Jamal","clinic_last_name":"Nabhani","clinic_email":"jnabhani@gmail.com","clinic_username":"USC","is_dismissed":1,"is_noted":0,"answer_out_of_range":["true"],"answer_name":["1-2"],"__v":0,"modified":1.457845803261e+12}
{"_id":{"$oid":"56e1cbe5c8892eba51b84fe8"},"ques_name":"Since your last questionnaire, does you belly feel more bloated or distended?","answer_type":"rb","gender":"b","question":{"$oid":"56dbe0f0bb21a5f40459f59b"},"ans":{"$oid":"56dbe0f0bb21a5f40459f59c"},"questionnaire":{"$oid":"56dbe499bb21a5f40459f5b0"},"datetime":1457632567,"clinic":{"$oid":"56dbda30bb21a5f40459f56c"},"patientanswer":{"$oid":"56e1cbe5c8892eba51b84fe7"},"patient_first_name":"Mark","patient_last_name":"Hernandez","patient_email":"mphie@hotmail.com","patient_username":"mhernandez","patient_mobile":9.098335133e+09,"patient_surgery":"Kidney","clinic_name":"USC Institute of Urology","clinic_first_name":"Jamal","clinic_last_name":"Nabhani","clinic_email":"jnabhani@gmail.com","clinic_username":"USC","is_dismissed":1,"is_noted":0,"answer_out_of_range":["true"],"answer_name":["No"],"__v":0,"modified":1.457845805695e+12}
{"_id":{"$oid":"56e21cc9c8892eba51b84fed"},"ques_name":"How many times have you been up to walk in the past 6 hours?","answer_type":"rb","gender":"b","question":{"$oid":"56dbe3a7bb21a5f40459f5a8"},"ans":{"$oid":"56dbe3a7bb21a5f40459f5ab"},"questionnaire":{"$oid":"56dbe407bb21a5f40459f5ad"},"datetime":1457646968,"clinic":{"$oid":"56dbda30bb21a5f40459f56c"},"patientanswer":{"$oid":"56e21cc9c8892eba51b84fec"},"patient_first_name":"Mark","patient_last_name":"Hernandez","patient_email":"mphie@hotmail.com","patient_username":"mhernandez","patient_mobile":9.098335133e+09,"patient_surgery":"Kidney","clinic_name":"USC Institute of Urology","clinic_first_name":"Jamal","clinic_last_name":"Nabhani","clinic_email":"jnabhani@gmail.com","clinic_username":"USC","is_dismissed":1,"is_noted":0,"answer_out_of_range":["true"],"answer_name":["1-2"],"__v":0,"modified":1.457845807906e+12}
{"_id":{"$oid":"56e2469dc8892eba51b84ffe"},"ques_name":"How many times have you been up to walk in the past 6 hours?","answer_type":"rb","gender":"b","question":{"$oid":"56dbe3a7bb21a5f40459f5a8"},"ans":{"$oid":"56dbe3a7bb21a5f40459f5ab"},"questionnaire":{"$oid":"56dbe407bb21a5f40459f5ad"},"datetime":1457663468,"clinic":{"$oid":"56dbda30bb21a5f40459f56c"},"patientanswer":{"$oid":"56e2469dc8892eba51b84ffd"},"patient_first_name":"Mark","patient_last_name":"Hernandez","patient_email":"mphie@hotmail.com","patient_username":"mhernandez","patient_mobile":9.098335133e+09,"patient_surgery":"Kidney","clinic_name":"USC Institute of Urology","clinic_first_name":"Jamal","clinic_last_name":"Nabhani","clinic_email":"jnabhani@gmail.com","clinic_username":"USC","is_dismissed":1,"is_noted":0,"answer_out_of_range":["true"],"answer_name":["1-2"],"__v":0,"modified":1.457845810164e+12}
{"_id":{"$oid":"56e246aac8892eba51b85000"},"ques_name":"How many times have you been up to walk in the past 6 hours?","answer_type":"rb","gender":"b","question":{"$oid":"56dbe3a7bb21a5f40459f5a8"},"ans":{"$oid":"56dbe3a7bb21a5f40459f5ab"},"questionnaire":{"$oid":"56dbe407bb21a5f40459f5ad"},"datetime":1457663768,"clinic":{"$oid":"56dbda30bb21a5f40459f56c"},"patientanswer":{"$oid":"56e246aac8892eba51b84fff"},"patient_first_name":"Mark","patient_last_name":"Hernandez","patient_email":"mphie@hotmail.com","patient_username":"mhernandez","patient_mobile":9.098335133e+09,"patient_surgery":"Kidney","clinic_name":"USC Institute of Urology","clinic_first_name":"Jamal","clinic_last_name":"Nabhani","clinic_email":"jnabhani@gmail.com","clinic_username":"USC","is_dismissed":1,"is_noted":0,"answer_out_of_range":["true"],"answer_name":["1-2"],"__v":0,"modified":1.457845815233e+12}
{"_id":{"$oid":"56e246bdc8892eba51b85002"},"ques_name":"How many times have you been up to walk in the past 6 hours?","answer_type":"rb","gender":"b","question":{"$oid":"56dbe3a7bb21a5f40459f5a8"},"ans":{"$oid":"56dbe3a7bb21a5f40459f5ab"},"questionnaire":{"$oid":"56dbe407bb21a5f40459f5ad"},"datetime":1457664068,"clinic":{"$oid":"56dbda30bb21a5f40459f56c"},"patientanswer":{"$oid":"56e246bdc8892eba51b85001"},"patient_first_name":"Mark","patient_last_name":"Hernandez","patient_email":"mphie@hotmail.com","patient_username":"mhernandez","patient_mobile":9.098335133e+09,"patient_surgery":"Kidney","clinic_name":"USC Institute of Urology","clinic_first_name":"Jamal","clinic_last_name":"Nabhani","clinic_email":"jnabhani@gmail.com","clinic_username":"USC","is_dismissed":1,"is_noted":0,"answer_out_of_range":["true"],"answer_name":["1-2"],"__v":0,"modified":1.457845817612e+12}
{"_id":{"$oid":"56e246c2c8892eba51b85004"},"ques_name":"How many times have you been up to walk in the past 6 hours?","answer_type":"rb","gender":"b","question":{"$oid":"56dbe3a7bb21a5f40459f5a8"},"ans":{"$oid":"56dbe3a7bb21a5f40459f5ab"},"questionnaire":{"$oid":"56dbe407bb21a5f40459f5ad"},"datetime":1457664368,"clinic":{"$oid":"56dbda30bb21a5f40459f56c"},"patientanswer":{"$oid":"56e246c2c8892eba51b85003"},"patient_first_name":"Mark","patient_last_name":"Hernandez","patient_email":"mphie@hotmail.com","patient_username":"mhernandez","patient_mobile":9.098335133e+09,"patient_surgery":"Kidney","clinic_name":"USC Institute of Urology","clinic_first_name":"Jamal","clinic_last_name":"Nabhani","clinic_email":"jnabhani@gmail.com","clinic_username":"USC","is_dismissed":1,"is_noted":0,"answer_out_of_range":["true"],"answer_name":["1-2"],"__v":0,"modified":1.457845820232e+12}
{"_id":{"$oid":"56e246c7c8892eba51b85006"},"ques_name":"How many times have you been up to walk in the past 6 hours?","answer_type":"rb","gender":"b","question":{"$oid":"56dbe3a7bb21a5f40459f5a8"},"ans":{"$oid":"56dbe3a7bb21a5f40459f5ab"},"questionnaire":{"$oid":"56dbe407bb21a5f40459f5ad"},"datetime":1457664668,"clinic":{"$oid":"56dbda30bb21a5f40459f56c"},"patientanswer":{"$oid":"56e246c7c8892eba51b85005"},"patient_first_name":"Mark","patient_last_name":"Hernandez","patient_email":"mphie@hotmail.com","patient_username":"mhernandez","patient_mobile":9.098335133e+09,"patient_surgery":"Kidney","clinic_name":"USC Institute of Urology","clinic_first_name":"Jamal","clinic_last_name":"Nabhani","clinic_email":"jnabhani@gmail.com","clinic_username":"USC","is_dismissed":1,"is_noted":0,"answer_out_of_range":["true"],"answer_name":["1-2"],"__v":0,"modified":1.457845822671e+12}
{"_id":{"$oid":"56e2d28ba217ada8698fc6c5"},"ques_name":"Since your last questionnaire, does you belly feel more bloated or distended?","answer_type":"rb","gender":"b","question":{"$oid":"56dbe0f0bb21a5f40459f59b"},"ans":{"$oid":"56dbe0f0bb21a5f40459f59c"},"questionnaire":{"$oid":"56dbe499bb21a5f40459f5b0"},"datetime":1457682968,"clinic":{"$oid":"56dbda30bb21a5f40459f56c"},"patientanswer":{"$oid":"56e2d28ba217ada8698fc6c4"},"patient_first_name":"Mark","patient_last_name":"Hernandez","patient_email":"mphie@hotmail.com","patient_username":"mhernandez","patient_mobile":9.098335133e+09,"patient_surgery":"Kidney","clinic_name":"USC Institute of Urology","clinic_first_name":"Jamal","clinic_last_name":"Nabhani","clinic_email":"jnabhani@gmail.com","clinic_username":"USC","is_dismissed":1,"is_noted":0,"answer_out_of_range":["true"],"answer_name":["No"],"__v":0,"modified":1.457845824885e+12}
{"_id":{"$oid":"56e2d294a217ada8698fc6c7"},"ques_name":"How many times have you been up to walk in the past 6 hours?","answer_type":"rb","gender":"b","question":{"$oid":"56dbe3a7bb21a5f40459f5a8"},"ans":{"$oid":"56dbe3a7bb21a5f40459f5ac"},"questionnaire":{"$oid":"56dbe407bb21a5f40459f5ad"},"datetime":1457690168,"clinic":{"$oid":"56dbda30bb21a5f40459f56c"},"patientanswer":{"$oid":"56e2d294a217ada8698fc6c6"},"patient_first_name":"Mark","patient_last_name":"Hernandez","patient_email":"mphie@hotmail.com","patient_username":"mhernandez","patient_mobile":9.098335133e+09,"patient_surgery":"Kidney","clinic_name":"USC Institute of Urology","clinic_first_name":"Jamal","clinic_last_name":"Nabhani","clinic_email":"jnabhani@gmail.com","clinic_username":"USC","is_dismissed":1,"is_noted":0,"answer_out_of_range":["true"],"answer_name":["0"],"__v":0,"modified":1.457845829065e+12}
{"_id":{"$oid":"56e2eed1a217ada8698fc6ce"},"ques_name":"What color is your urine most recently?","answer_type":"rb","gender":"b","question":{"$oid":"56dbdd6bbb21a5f40459f580"},"ans":{"$oid":"56dbdd6bbb21a5f40459f584"},"questionnaire":{"$oid":"56dbe499bb21a5f40459f5b0"},"datetime":1457682968,"clinic":{"$oid":"56dbda30bb21a5f40459f56c"},"patientanswer":{"$oid":"56e2eed1a217ada8698fc6cd"},"patient_first_name":"john","patient_last_name":"nab","patient_email":"johnnab@gmail.com","patient_username":"jnab1","patient_mobile":1234567891,"patient_surgery":"Kidney","clinic_name":"USC Institute of Urology","clinic_first_name":"Jamal","clinic_last_name":"Nabhani","clinic_email":"jnabhani@gmail.com","clinic_username":"USC","is_dismissed":1,"is_noted":0,"answer_out_of_range":["true"],"answer_name":["Dark yellow/brown"],"__v":0,"modified":1.457824793255e+12}
{"_id":{"$oid":"56e2eed1a217ada8698fc6cf"},"ques_name":"Since your last questionnaire, does you belly feel more bloated or distended?","answer_type":"rb","gender":"b","question":{"$oid":"56dbe0f0bb21a5f40459f59b"},"ans":{"$oid":"56dbe0f0bb21a5f40459f59c"},"questionnaire":{"$oid":"56dbe499bb21a5f40459f5b0"},"datetime":1457682968,"clinic":{"$oid":"56dbda30bb21a5f40459f56c"},"patientanswer":{"$oid":"56e2eed1a217ada8698fc6cd"},"patient_first_name":"john","patient_last_name":"nab","patient_email":"johnnab@gmail.com","patient_username":"jnab1","patient_mobile":1234567891,"patient_surgery":"Kidney","clinic_name":"USC Institute of Urology","clinic_first_name":"Jamal","clinic_last_name":"Nabhani","clinic_email":"jnabhani@gmail.com","clinic_username":"USC","is_dismissed":1,"is_noted":0,"answer_out_of_range":["true"],"answer_name":["No"],"__v":0,"modified":1.457845831206e+12}
{"_id":{"$oid":"56e2f0e0a217ada8698fc6d1"},"ques_name":"How many times have you been up to walk in the past 6 hours?","answer_type":"rb","gender":"b","question":{"$oid":"56dbe3a7bb21a5f40459f5a8"},"ans":{"$oid":"56dbe3a7bb21a5f40459f5ac"},"questionnaire":{"$oid":"56dbe407bb21a5f40459f5ad"},"datetime":1457711882,"clinic":{"$oid":"56dbda30bb21a5f40459f56c"},"patientanswer":{"$oid":"56e2f0e0a217ada8698fc6d0"},"patient_first_name":"Mark","patient_last_name":"Hernandez","patient_email":"mphie@hotmail.com","patient_username":"mhernandez","patient_mobile":9.098335133e+09,"patient_surgery":"Kidney","clinic_name":"USC Institute of Urology","clinic_first_name":"Jamal","clinic_last_name":"Nabhani","clinic_email":"jnabhani@gmail.com","clinic_username":"USC","is_dismissed":1,"is_noted":0,"answer_out_of_range":["true"],"answer_name":["0"],"__v":0,"modified":1.457845833164e+12}
{"_id":{"$oid":"56e316afa217ada8698fc6d7"},"ques_name":"Since your last questionnaire, does you belly feel more bloated or distended?","answer_type":"rb","gender":"b","question":{"$oid":"56dbe0f0bb21a5f40459f59b"},"ans":{"$oid":"56dbe0f0bb21a5f40459f59c"},"questionnaire":{"$oid":"56dbe499bb21a5f40459f5b0"},"datetime":1457719082,"clinic":{"$oid":"56dbda30bb21a5f40459f56c"},"patientanswer":{"$oid":"56e316afa217ada8698fc6d6"},"patient_first_name":"Mark","patient_last_name":"Hernandez","patient_email":"mphie@hotmail.com","patient_username":"mhernandez","patient_mobile":9.098335133e+09,"patient_surgery":"Kidney","clinic_name":"USC Institute of Urology","clinic_first_name":"Jamal","clinic_last_name":"Nabhani","clinic_email":"jnabhani@gmail.com","clinic_username":"USC","is_dismissed":1,"is_noted":0,"answer_out_of_range":["true"],"answer_name":["No"],"__v":0,"modified":1.457845835333e+12}
{"_id":{"$oid":"56e42b20a217ada8698fc6f8"},"ques_name":"Since your last questionnaire, does you belly feel more bloated or distended?","answer_type":"rb","gender":"b","question":{"$oid":"56dbe0f0bb21a5f40459f59b"},"ans":{"$oid":"56dbe0f0bb21a5f40459f59c"},"questionnaire":{"$oid":"56dbe499bb21a5f40459f5b0"},"datetime":1457769483,"clinic":{"$oid":"56dbda30bb21a5f40459f56c"},"patientanswer":{"$oid":"56e42b20a217ada8698fc6f7"},"patient_first_name":"Mark","patient_last_name":"Hernandez","patient_email":"mphie@hotmail.com","patient_username":"mhernandez","patient_mobile":9.098335133e+09,"patient_surgery":"Kidney","clinic_name":"USC Institute of Urology","clinic_first_name":"Jamal","clinic_last_name":"Nabhani","clinic_email":"jnabhani@gmail.com","clinic_username":"USC","is_dismissed":1,"is_noted":0,"answer_out_of_range":["true"],"answer_name":["No"],"__v":0,"modified":1.457845838627e+12}
{"_id":{"$oid":"56e45f0aa217ada8698fc702"},"ques_name":"Since your last questionnaire, does you belly feel more bloated or distended?","answer_type":"rb","gender":"b","question":{"$oid":"56dbe0f0bb21a5f40459f59b"},"ans":{"$oid":"56dbe0f0bb21a5f40459f59c"},"questionnaire":{"$oid":"56dbe499bb21a5f40459f5b0"},"datetime":1457805483,"clinic":{"$oid":"56dbda30bb21a5f40459f56c"},"patientanswer":{"$oid":"56e45f0aa217ada8698fc701"},"patient_first_name":"Mark","patient_last_name":"Hernandez","patient_email":"mphie@hotmail.com","patient_username":"mhernandez","patient_mobile":9.098335133e+09,"patient_surgery":"Kidney","clinic_name":"USC Institute of Urology","clinic_first_name":"Jamal","clinic_last_name":"Nabhani","clinic_email":"jnabhani@gmail.com","clinic_username":"USC","is_dismissed":1,"is_noted":0,"answer_out_of_range":["true"],"answer_name":["No"],"__v":0,"modified":1.457845843831e+12}
{"_id":{"$oid":"56e58688a217ada8698fc72e"},"ques_name":"Since your last questionnaire, does you belly feel more bloated or distended?","answer_type":"rb","gender":"b","question":{"$oid":"56dbe0f0bb21a5f40459f59b"},"ans":{"$oid":"56dbe0f0bb21a5f40459f59c"},"questionnaire":{"$oid":"56dbe499bb21a5f40459f5b0"},"datetime":1457855884,"clinic":{"$oid":"56dbda30bb21a5f40459f56c"},"patientanswer":{"$oid":"56e58688a217ada8698fc72d"},"patient_first_name":"Mark","patient_last_name":"Hernandez","patient_email":"mphie@hotmail.com","patient_username":"mhernandez","patient_mobile":9.098335133e+09,"patient_surgery":"Kidney","clinic_name":"USC Institute of Urology","clinic_first_name":"Jamal","clinic_last_name":"Nabhani","clinic_email":"jnabhani@gmail.com","clinic_username":"USC","is_dismissed":1,"is_noted":0,"answer_out_of_range":["true"],"answer_name":["No"],"__v":0,"modified":1.457909214735e+12}
{"_id":{"$oid":"56e5c20aa217ada8698fc738"},"ques_name":"Since your last questionnaire, does you belly feel more bloated or distended?","answer_type":"rb","gender":"b","question":{"$oid":"56dbe0f0bb21a5f40459f59b"},"ans":{"$oid":"56dbe0f0bb21a5f40459f59c"},"questionnaire":{"$oid":"56dbe499bb21a5f40459f5b0"},"datetime":1457891885,"clinic":{"$oid":"56dbda30bb21a5f40459f56c"},"patientanswer":{"$oid":"56e5c20aa217ada8698fc737"},"patient_first_name":"Mark","patient_last_name":"Hernandez","patient_email":"mphie@hotmail.com","patient_username":"mhernandez","patient_mobile":9.098335133e+09,"patient_surgery":"Kidney","clinic_name":"USC Institute of Urology","clinic_first_name":"Jamal","clinic_last_name":"Nabhani","clinic_email":"jnabhani@gmail.com","clinic_username":"USC","is_dismissed":1,"is_noted":0,"answer_out_of_range":["true"],"answer_name":["No"],"__v":0,"modified":1.457909212467e+12}
{"_id":{"$oid":"56e6a55fa217ada8698fc758"},"ques_name":"Since your last questionnaire, does you belly feel more bloated or distended?","answer_type":"rb","gender":"b","question":{"$oid":"56dbe0f0bb21a5f40459f59b"},"ans":{"$oid":"56dbe0f0bb21a5f40459f59c"},"questionnaire":{"$oid":"56dbe499bb21a5f40459f5b0"},"datetime":1457942286,"clinic":{"$oid":"56dbda30bb21a5f40459f56c"},"patientanswer":{"$oid":"56e6a55fa217ada8698fc757"},"patient_first_name":"Mark","patient_last_name":"Hernandez","patient_email":"mphie@hotmail.com","patient_username":"mhernandez","patient_mobile":9.098335133e+09,"patient_surgery":"Kidney","clinic_name":"USC Institute of Urology","clinic_first_name":"Jamal","clinic_last_name":"Nabhani","clinic_email":"jnabhani@gmail.com","clinic_username":"USC","is_dismissed":1,"is_noted":0,"answer_out_of_range":["true"],"answer_name":["No"],"__v":0,"modified":1.458018348363e+12}
{"_id":{"$oid":"56e70d544efc6c8c10f79bd2"},"ques_name":"Since your last questionnaire, does you belly feel more bloated or distended?","answer_type":"rb","gender":"b","question":{"$oid":"56dbe0f0bb21a5f40459f59b"},"ans":{"$oid":"56dbe0f0bb21a5f40459f59c"},"questionnaire":{"$oid":"56dbe499bb21a5f40459f5b0"},"datetime":1457978142,"clinic":{"$oid":"56dbda30bb21a5f40459f56c"},"patientanswer":{"$oid":"56e70d544efc6c8c10f79bd1"},"patient_first_name":"Mark","patient_last_name":"Hernandez","patient_email":"mphie@hotmail.com","patient_username":"mhernandez","patient_mobile":9.098335133e+09,"patient_surgery":"Kidney","clinic_name":"USC Institute of Urology","clinic_first_name":"Jamal","clinic_last_name":"Nabhani","clinic_email":"jnabhani@gmail.com","clinic_username":"USC","is_dismissed":1,"is_noted":0,"answer_out_of_range":["true"],"answer_name":["No"],"__v":0,"modified":1.458018350951e+12}
{"_id":{"$oid":"56e840e84efc6c8c10f79bf6"},"ques_name":"Since your last questionnaire, does you belly feel more bloated or distended?","answer_type":"rb","gender":"b","question":{"$oid":"56dbe0f0bb21a5f40459f59b"},"ans":{"$oid":"56dbe0f0bb21a5f40459f59c"},"questionnaire":{"$oid":"56dbe499bb21a5f40459f5b0"},"datetime":1458028543,"clinic":{"$oid":"56dbda30bb21a5f40459f56c"},"patientanswer":{"$oid":"56e840e84efc6c8c10f79bf5"},"patient_first_name":"Mark","patient_last_name":"Hernandez","patient_email":"mphie@hotmail.com","patient_username":"mhernandez","patient_mobile":9.098335133e+09,"patient_surgery":"Kidney","clinic_name":"USC Institute of Urology","clinic_first_name":"Jamal","clinic_last_name":"Nabhani","clinic_email":"jnabhani@gmail.com","clinic_username":"USC","is_dismissed":1,"is_noted":0,"answer_out_of_range":["true"],"answer_name":["No"],"__v":0,"modified":1.458243075317e+12}
{"_id":{"$oid":"56e8720e4efc6c8c10f79bfd"},"ques_name":"Since your last questionnaire, does you belly feel more bloated or distended?","answer_type":"rb","gender":"b","question":{"$oid":"56dbe0f0bb21a5f40459f59b"},"ans":{"$oid":"56dbe0f0bb21a5f40459f59c"},"questionnaire":{"$oid":"56dbe499bb21a5f40459f5b0"},"datetime":1458064544,"clinic":{"$oid":"56dbda30bb21a5f40459f56c"},"patientanswer":{"$oid":"56e8720e4efc6c8c10f79bfc"},"patient_first_name":"Mark","patient_last_name":"Hernandez","patient_email":"mphie@hotmail.com","patient_username":"mhernandez","patient_mobile":9.098335133e+09,"patient_surgery":"Kidney","clinic_name":"USC Institute of Urology","clinic_first_name":"Jamal","clinic_last_name":"Nabhani","clinic_email":"jnabhani@gmail.com","clinic_username":"USC","is_dismissed":1,"is_noted":0,"answer_out_of_range":["true"],"answer_name":["No"],"__v":0,"modified":1.458243077191e+12}
{"_id":{"$oid":"56e98edeb7e5a9a533f01232"},"ques_name":"Have you been able to hold down liquids and food?","answer_type":"rb","gender":"b","question":{"$oid":"56dbde6cbb21a5f40459f592"},"ans":{"$oid":"56dbde6cbb21a5f40459f593"},"questionnaire":{"$oid":"56dbe499bb21a5f40459f5b0"},"datetime":1458114945,"clinic":{"$oid":"56dbda30bb21a5f40459f56c"},"patientanswer":{"$oid":"56e98edeb7e5a9a533f01231"},"patient_first_name":"Mark","patient_last_name":"Hernandez","patient_email":"mphie@hotmail.com","patient_username":"mhernandez","patient_mobile":9.098335133e+09,"patient_surgery":"Kidney","clinic_name":"USC Institute of Urology","clinic_first_name":"Jamal","clinic_last_name":"Nabhani","clinic_email":"jnabhani@gmail.com","clinic_username":"USC","is_dismissed":1,"is_noted":0,"answer_out_of_range":["true"],"answer_name":["No"],"__v":0,"modified":1.458243079146e+12}
{"_id":{"$oid":"56e98edeb7e5a9a533f01233"},"ques_name":"Since your last questionnaire, does you belly feel more bloated or distended?","answer_type":"rb","gender":"b","question":{"$oid":"56dbe0f0bb21a5f40459f59b"},"ans":{"$oid":"56dbe0f0bb21a5f40459f59c"},"questionnaire":{"$oid":"56dbe499bb21a5f40459f5b0"},"datetime":1458114945,"clinic":{"$oid":"56dbda30bb21a5f40459f56c"},"patientanswer":{"$oid":"56e98edeb7e5a9a533f01231"},"patient_first_name":"Mark","patient_last_name":"Hernandez","patient_email":"mphie@hotmail.com","patient_username":"mhernandez","patient_mobile":9.098335133e+09,"patient_surgery":"Kidney","clinic_name":"USC Institute of Urology","clinic_first_name":"Jamal","clinic_last_name":"Nabhani","clinic_email":"jnabhani@gmail.com","clinic_username":"USC","is_dismissed":1,"is_noted":0,"answer_out_of_range":["true"],"answer_name":["No"],"__v":0,"modified":1.458273701037e+12}
{"_id":{"$oid":"56e98ee8b7e5a9a533f01235"},"ques_name":"How many times have you been up to walk in the past 6 hours?","answer_type":"rb","gender":"b","question":{"$oid":"56dbe3a7bb21a5f40459f5a8"},"ans":{"$oid":"56dbe3a7bb21a5f40459f5ab"},"questionnaire":{"$oid":"56dbe407bb21a5f40459f5ad"},"datetime":1458122145,"clinic":{"$oid":"56dbda30bb21a5f40459f56c"},"patientanswer":{"$oid":"56e98ee8b7e5a9a533f01234"},"patient_first_name":"Mark","patient_last_name":"Hernandez","patient_email":"mphie@hotmail.com","patient_username":"mhernandez","patient_mobile":9.098335133e+09,"patient_surgery":"Kidney","clinic_name":"USC Institute of Urology","clinic_first_name":"Jamal","clinic_last_name":"Nabhani","clinic_email":"jnabhani@gmail.com","clinic_username":"USC","is_dismissed":1,"is_noted":0,"answer_out_of_range":["true"],"answer_name":["1-2"],"__v":0,"modified":1.458404536117e+12}
{"_id":{"$oid":"56e9b1e7b7e5a9a533f0123b"},"ques_name":"Since your last questionnaire, does you belly feel more bloated or distended?","answer_type":"rb","gender":"b","question":{"$oid":"56dbe0f0bb21a5f40459f59b"},"ans":{"$oid":"56dbe0f0bb21a5f40459f59c"},"questionnaire":{"$oid":"56dbe499bb21a5f40459f5b0"},"datetime":1458150912,"clinic":{"$oid":"56dbda30bb21a5f40459f56c"},"patientanswer":{"$oid":"56e9b1e7b7e5a9a533f0123a"},"patient_first_name":"Mark","patient_last_name":"Hernandez","patient_email":"mphie@hotmail.com","patient_username":"mhernandez","patient_mobile":9.098335133e+09,"patient_surgery":"Kidney","clinic_name":"USC Institute of Urology","clinic_first_name":"Jamal","clinic_last_name":"Nabhani","clinic_email":"jnabhani@gmail.com","clinic_username":"USC","is_dismissed":1,"is_noted":0,"answer_out_of_range":["true"],"answer_name":["No"],"__v":0,"modified":1.458273698508e+12}
{"_id":{"$oid":"56ea532fb7e5a9a533f012ae"},"ques_name":"How much output have you had from you surgical drain in the last 12 hours?","answer_type":"number","gender":"b","question":{"$oid":"56dbdfa6bb21a5f40459f598"},"ans":null,"questionnaire":{"$oid":"56dbe407bb21a5f40459f5ad"},"datetime":1458182413,"clinic":{"$oid":"56dbda30bb21a5f40459f56c"},"patientanswer":{"$oid":"56ea532fb7e5a9a533f012ad"},"patient_first_name":"john","patient_last_name":"nab","patient_email":"johnnab@gmail.com","patient_username":"jnab1","patient_mobile":1234567891,"patient_surgery":"Kidney","clinic_name":"USC Institute of Urology","clinic_first_name":"Jamal","clinic_last_name":"Nabhani","clinic_email":"jnabhani@gmail.com","clinic_username":"USC","is_dismissed":1,"is_noted":0,"answer_out_of_range":["true"],"answer_name":["1865"],"__v":0,"modified":1.458273703877e+12}
{"_id":{"$oid":"56ea532fb7e5a9a533f012af"},"ques_name":"How many times have you been up to walk in the past 6 hours?","answer_type":"rb","gender":"b","question":{"$oid":"56dbe3a7bb21a5f40459f5a8"},"ans":{"$oid":"56dbe3a7bb21a5f40459f5ab"},"questionnaire":{"$oid":"56dbe407bb21a5f40459f5ad"},"datetime":1458182413,"clinic":{"$oid":"56dbda30bb21a5f40459f56c"},"patientanswer":{"$oid":"56ea532fb7e5a9a533f012ad"},"patient_first_name":"john","patient_last_name":"nab","patient_email":"johnnab@gmail.com","patient_username":"jnab1","patient_mobile":1234567891,"patient_surgery":"Kidney","clinic_name":"USC Institute of Urology","clinic_first_name":"Jamal","clinic_last_name":"Nabhani","clinic_email":"jnabhani@gmail.com","clinic_username":"USC","is_dismissed":1,"is_noted":0,"answer_out_of_range":["true"],"answer_name":["1-2"],"__v":0,"modified":1.458404624218e+12}
{"_id":{"$oid":"56ea9a45b7e5a9a533f012b7"},"ques_name":"Since your last questionnaire, does you belly feel more bloated or distended?","answer_type":"rb","gender":"b","question":{"$oid":"56dbe0f0bb21a5f40459f59b"},"ans":{"$oid":"56dbe0f0bb21a5f40459f59c"},"questionnaire":{"$oid":"56dbe499bb21a5f40459f5b0"},"datetime":1458201313,"clinic":{"$oid":"56dbda30bb21a5f40459f56c"},"patientanswer":{"$oid":"56ea9a45b7e5a9a533f012b6"},"patient_first_name":"Mark","patient_last_name":"Hernandez","patient_email":"mphie@hotmail.com","patient_username":"mhernandez","patient_mobile":9.098335133e+09,"patient_surgery":"Kidney","clinic_name":"USC Institute of Urology","clinic_first_name":"Jamal","clinic_last_name":"Nabhani","clinic_email":"jnabhani@gmail.com","clinic_username":"USC","is_dismissed":1,"is_noted":0,"answer_out_of_range":["true"],"answer_name":["No"],"__v":0,"modified":1.458404626997e+12}
{"_id":{"$oid":"56eaf3b0b7e5a9a533f012c1"},"ques_name":"Since your last questionnaire, does you belly feel more bloated or distended?","answer_type":"rb","gender":"b","question":{"$oid":"56dbe0f0bb21a5f40459f59b"},"ans":{"$oid":"56dbe0f0bb21a5f40459f59c"},"questionnaire":{"$oid":"56dbe499bb21a5f40459f5b0"},"datetime":1458237314,"clinic":{"$oid":"56dbda30bb21a5f40459f56c"},"patientanswer":{"$oid":"56eaf3b0b7e5a9a533f012c0"},"patient_first_name":"Mark","patient_last_name":"Hernandez","patient_email":"mphie@hotmail.com","patient_username":"mhernandez","patient_mobile":9.098335133e+09,"patient_surgery":"Kidney","clinic_name":"USC Institute of Urology","clinic_first_name":"Jamal","clinic_last_name":"Nabhani","clinic_email":"jnabhani@gmail.com","clinic_username":"USC","is_dismissed":1,"is_noted":0,"answer_out_of_range":["true"],"answer_name":["No"],"__v":0,"modified":1.45840462912e+12}
{"_id":{"$oid":"56ec360eb7e5a9a533f012eb"},"ques_name":"Since your last questionnaire, does you belly feel more bloated or distended?","answer_type":"rb","gender":"b","question":{"$oid":"56dbe0f0bb21a5f40459f59b"},"ans":{"$oid":"56dbe0f0bb21a5f40459f59c"},"questionnaire":{"$oid":"56dbe499bb21a5f40459f5b0"},"datetime":1458287716,"clinic":{"$oid":"56dbda30bb21a5f40459f56c"},"patientanswer":{"$oid":"56ec360eb7e5a9a533f012ea"},"patient_first_name":"Mark","patient_last_name":"Hernandez","patient_email":"mphie@hotmail.com","patient_username":"mhernandez","patient_mobile":9.098335133e+09,"patient_surgery":"Kidney","clinic_name":"USC Institute of Urology","clinic_first_name":"Jamal","clinic_last_name":"Nabhani","clinic_email":"jnabhani@gmail.com","clinic_username":"USC","is_dismissed":1,"is_noted":0,"answer_out_of_range":["true"],"answer_name":["No"],"__v":0,"modified":1.458404631436e+12}
{"_id":{"$oid":"56ec3615b7e5a9a533f012ed"},"ques_name":"How many times have you been up to walk in the past 6 hours?","answer_type":"rb","gender":"b","question":{"$oid":"56dbe3a7bb21a5f40459f5a8"},"ans":{"$oid":"56dbe3a7bb21a5f40459f5ab"},"questionnaire":{"$oid":"56dbe407bb21a5f40459f5ad"},"datetime":1458294916,"clinic":{"$oid":"56dbda30bb21a5f40459f56c"},"patientanswer":{"$oid":"56ec3615b7e5a9a533f012ec"},"patient_first_name":"Mark","patient_last_name":"Hernandez","patient_email":"mphie@hotmail.com","patient_username":"mhernandez","patient_mobile":9.098335133e+09,"patient_surgery":"Kidney","clinic_name":"USC Institute of Urology","clinic_first_name":"Jamal","clinic_last_name":"Nabhani","clinic_email":"jnabhani@gmail.com","clinic_username":"USC","is_dismissed":1,"is_noted":0,"answer_out_of_range":["true"],"answer_name":["1-2"],"__v":0,"modified":1.458404533481e+12}
{"_id":{"$oid":"56ece19ab7e5a9a533f01302"},"ques_name":"Since your last questionnaire, does you belly feel more bloated or distended?","answer_type":"rb","gender":"b","question":{"$oid":"56dbe0f0bb21a5f40459f59b"},"ans":{"$oid":"56dbe0f0bb21a5f40459f59c"},"questionnaire":{"$oid":"56dbe499bb21a5f40459f5b0"},"datetime":1458323717,"clinic":{"$oid":"56dbda30bb21a5f40459f56c"},"patientanswer":{"$oid":"56ece19ab7e5a9a533f01301"},"patient_first_name":"Mark","patient_last_name":"Hernandez","patient_email":"mphie@hotmail.com","patient_username":"mhernandez","patient_mobile":9.098335133e+09,"patient_surgery":"Kidney","clinic_name":"USC Institute of Urology","clinic_first_name":"Jamal","clinic_last_name":"Nabhani","clinic_email":"jnabhani@gmail.com","clinic_username":"USC","is_dismissed":1,"is_noted":0,"answer_out_of_range":["true"],"answer_name":["No"],"__v":0,"modified":1.458404633477e+12}
{"_id":{"$oid":"56ed8a44b7e5a9a533f01313"},"ques_name":"Since your last questionnaire, does you belly feel more bloated or distended?","answer_type":"rb","gender":"b","question":{"$oid":"56dbe0f0bb21a5f40459f59b"},"ans":{"$oid":"56dbe0f0bb21a5f40459f59c"},"questionnaire":{"$oid":"56dbe499bb21a5f40459f5b0"},"datetime":1458374118,"clinic":{"$oid":"56dbda30bb21a5f40459f56c"},"patientanswer":{"$oid":"56ed8a44b7e5a9a533f01312"},"patient_first_name":"Mark","patient_last_name":"Hernandez","patient_email":"mphie@hotmail.com","patient_username":"mhernandez","patient_mobile":9.098335133e+09,"patient_surgery":"Kidney","clinic_name":"USC Institute of Urology","clinic_first_name":"Jamal","clinic_last_name":"Nabhani","clinic_email":"jnabhani@gmail.com","clinic_username":"USC","is_dismissed":1,"is_noted":0,"answer_out_of_range":["true"],"answer_name":["No"],"__v":0,"modified":1.458598776718e+12}
{"_id":{"$oid":"56edbd38b7e5a9a533f0131f"},"ques_name":"Since your last questionnaire, does you belly feel more bloated or distended?","answer_type":"rb","gender":"b","question":{"$oid":"56dbe0f0bb21a5f40459f59b"},"ans":{"$oid":"56dbe0f0bb21a5f40459f59c"},"questionnaire":{"$oid":"56dbe499bb21a5f40459f5b0"},"datetime":1458410119,"clinic":{"$oid":"56dbda30bb21a5f40459f56c"},"patientanswer":{"$oid":"56edbd38b7e5a9a533f0131e"},"patient_first_name":"Mark","patient_last_name":"Hernandez","patient_email":"mphie@hotmail.com","patient_username":"mhernandez","patient_mobile":9.098335133e+09,"patient_surgery":"Kidney","clinic_name":"USC Institute of Urology","clinic_first_name":"Jamal","clinic_last_name":"Nabhani","clinic_email":"jnabhani@gmail.com","clinic_username":"USC","is_dismissed":1,"is_noted":0,"answer_out_of_range":["true"],"answer_name":["No"],"__v":0,"modified":1.458598779413e+12}
{"_id":{"$oid":"56ee2b54b7e5a9a533f01336"},"ques_name":"Have you safely arrived home from the hospital?","answer_type":"rb","gender":"b","question":{"$oid":"56dbdbf6bb21a5f40459f56e"},"ans":{"$oid":"56dbdbf6bb21a5f40459f56f"},"questionnaire":{"$oid":"56dbe189bb21a5f40459f5a4"},"datetime":1458411919,"clinic":{"$oid":"56dbda30bb21a5f40459f56c"},"patientanswer":{"$oid":"56ee2b54b7e5a9a533f01335"},"patient_first_name":"John","patient_last_name":"Nab","patient_email":"jnab1@gmail.com","patient_username":"jnab2","patient_mobile":5.623550986e+09,"patient_surgery":"Kidney","clinic_name":"USC Institute of Urology","clinic_first_name":"Jamal","clinic_last_name":"Nabhani","clinic_email":"jnabhani@gmail.com","clinic_username":"USC","is_dismissed":1,"is_noted":0,"answer_out_of_range":["true"],"answer_name":["No"],"__v":0,"modified":1.458607144681e+12}
{"_id":{"$oid":"56eed4f0b7e5a9a533f01344"},"ques_name":"Are you having difficulty breathing?","answer_type":"rb","gender":"b","question":{"$oid":"56dbddefbb21a5f40459f58f"},"ans":{"$oid":"56dbddefbb21a5f40459f591"},"questionnaire":{"$oid":"56dbe499bb21a5f40459f5b0"},"datetime":1458410119,"clinic":{"$oid":"56dbda30bb21a5f40459f56c"},"patientanswer":{"$oid":"56eed4f0b7e5a9a533f01343"},"patient_first_name":"John","patient_last_name":"Nab","patient_email":"jnab1@gmail.com","patient_username":"jnab2","patient_mobile":5.623550986e+09,"patient_surgery":"Kidney","clinic_name":"USC Institute of Urology","clinic_first_name":"Jamal","clinic_last_name":"Nabhani","clinic_email":"jnabhani@gmail.com","clinic_username":"USC","is_dismissed":1,"is_noted":0,"answer_out_of_range":["true"],"answer_name":["Yes"],"__v":0,"modified":1.458607148706e+12}
{"_id":{"$oid":"56eed4f0b7e5a9a533f01345"},"ques_name":"Have you had significant nausea or vomited?","answer_type":"rb","gender":"b","question":{"$oid":"56dbe12bbb21a5f40459f59e"},"ans":{"$oid":"56dbe12bbb21a5f40459f5a0"},"questionnaire":{"$oid":"56dbe499bb21a5f40459f5b0"},"datetime":1458410119,"clinic":{"$oid":"56dbda30bb21a5f40459f56c"},"patientanswer":{"$oid":"56eed4f0b7e5a9a533f01343"},"patient_first_name":"John","patient_last_name":"Nab","patient_email":"jnab1@gmail.com","patient_username":"jnab2","patient_mobile":5.623550986e+09,"patient_surgery":"Kidney","clinic_name":"USC Institute of Urology","clinic_first_name":"Jamal","clinic_last_name":"Nabhani","clinic_email":"jnabhani@gmail.com","clinic_username":"USC","is_dismissed":1,"is_noted":0,"answer_out_of_range":["true"],"answer_name":["Yes"],"__v":0,"modified":1.458607151959e+12}
{"_id":{"$oid":"56eed4f0b7e5a9a533f01346"},"ques_name":"Since your last questionnaire, does you belly feel more bloated or distended?","answer_type":"rb","gender":"b","question":{"$oid":"56dbe0f0bb21a5f40459f59b"},"ans":{"$oid":"56dbe0f0bb21a5f40459f59c"},"questionnaire":{"$oid":"56dbe499bb21a5f40459f5b0"},"datetime":1458410119,"clinic":{"$oid":"56dbda30bb21a5f40459f56c"},"patientanswer":{"$oid":"56eed4f0b7e5a9a533f01343"},"patient_first_name":"John","patient_last_name":"Nab","patient_email":"jnab1@gmail.com","patient_username":"jnab2","patient_mobile":5.623550986e+09,"patient_surgery":"Kidney","clinic_name":"USC Institute of Urology","clinic_first_name":"Jamal","clinic_last_name":"Nabhani","clinic_email":"jnabhani@gmail.com","clinic_username":"USC","is_dismissed":1,"is_noted":0,"answer_out_of_range":["true"],"answer_name":["No"],"__v":0,"modified":1.458607162106e+12}
{"_id":{"$oid":"56eed4f0b7e5a9a533f01347"},"ques_name":"Have you been able to hold down liquids and food?","answer_type":"rb","gender":"b","question":{"$oid":"56dbde6cbb21a5f40459f592"},"ans":{"$oid":"56dbde6cbb21a5f40459f593"},"questionnaire":{"$oid":"56dbe499bb21a5f40459f5b0"},"datetime":1458410119,"clinic":{"$oid":"56dbda30bb21a5f40459f56c"},"patientanswer":{"$oid":"56eed4f0b7e5a9a533f01343"},"patient_first_name":"John","patient_last_name":"Nab","patient_email":"jnab1@gmail.com","patient_username":"jnab2","patient_mobile":5.623550986e+09,"patient_surgery":"Kidney","clinic_name":"USC Institute of Urology","clinic_first_name":"Jamal","clinic_last_name":"Nabhani","clinic_email":"jnabhani@gmail.com","clinic_username":"USC","is_dismissed":1,"is_noted":0,"answer_out_of_range":["true"],"answer_name":["No"],"__v":0,"modified":1.458607155675e+12}
{"_id":{"$oid":"56eee181b7e5a9a533f01349"},"ques_name":"How much output have you had from you surgical drain in the last 12 hours?","answer_type":"number","gender":"b","question":{"$oid":"56dbdfa6bb21a5f40459f598"},"ans":null,"questionnaire":{"$oid":"56dbe407bb21a5f40459f5ad"},"datetime":1458424519,"clinic":{"$oid":"56dbda30bb21a5f40459f56c"},"patientanswer":{"$oid":"56eee181b7e5a9a533f01348"},"patient_first_name":"John","patient_last_name":"Nab","patient_email":"jnab1@gmail.com","patient_username":"jnab2","patient_mobile":5.623550986e+09,"patient_surgery":"Kidney","clinic_name":"USC Institute of Urology","clinic_first_name":"Jamal","clinic_last_name":"Nabhani","clinic_email":"jnabhani@gmail.com","clinic_username":"USC","is_dismissed":1,"is_noted":0,"answer_out_of_range":["true"],"answer_name":["137"],"__v":0,"modified":1.458607159802e+12}
{"_id":{"$oid":"56eef6cfb7e5a9a533f01354"},"ques_name":"Since your last questionnaire, does you belly feel more bloated or distended?","answer_type":"rb","gender":"b","question":{"$oid":"56dbe0f0bb21a5f40459f59b"},"ans":{"$oid":"56dbe0f0bb21a5f40459f59c"},"questionnaire":{"$oid":"56dbe499bb21a5f40459f5b0"},"datetime":1458460521,"clinic":{"$oid":"56dbda30bb21a5f40459f56c"},"patientanswer":{"$oid":"56eef6cfb7e5a9a533f01353"},"patient_first_name":"Mark","patient_last_name":"Hernandez","patient_email":"mphie@hotmail.com","patient_username":"mhernandez","patient_mobile":9.098335133e+09,"patient_surgery":"Kidney","clinic_name":"USC Institute of Urology","clinic_first_name":"Jamal","clinic_last_name":"Nabhani","clinic_email":"jnabhani@gmail.com","clinic_username":"USC","is_dismissed":1,"is_noted":0,"answer_out_of_range":["true"],"answer_name":["No"],"__v":0,"modified":1.458628504673e+12}
{"_id":{"$oid":"56eef6f9b7e5a9a533f01358"},"ques_name":"Since your last questionnaire, does you belly feel more bloated or distended?","answer_type":"rb","gender":"b","question":{"$oid":"56dbe0f0bb21a5f40459f59b"},"ans":{"$oid":"56dbe0f0bb21a5f40459f59c"},"questionnaire":{"$oid":"56dbe499bb21a5f40459f5b0"},"datetime":1458496522,"clinic":{"$oid":"56dbda30bb21a5f40459f56c"},"patientanswer":{"$oid":"56eef6f9b7e5a9a533f01357"},"patient_first_name":"Mark","patient_last_name":"Hernandez","patient_email":"mphie@hotmail.com","patient_username":"mhernandez","patient_mobile":9.098335133e+09,"patient_surgery":"Kidney","clinic_name":"USC Institute of Urology","clinic_first_name":"Jamal","clinic_last_name":"Nabhani","clinic_email":"jnabhani@gmail.com","clinic_username":"USC","is_dismissed":1,"is_noted":0,"answer_out_of_range":["true"],"answer_name":["No"],"__v":0,"modified":1.458628509008e+12}
{"_id":{"$oid":"56f0000ba30d7c677887a599"},"ques_name":"Since your last questionnaire, does you belly feel more bloated or distended?","answer_type":"rb","gender":"b","question":{"$oid":"56dbe0f0bb21a5f40459f59b"},"ans":{"$oid":"56dbe0f0bb21a5f40459f59c"},"questionnaire":{"$oid":"56dbe499bb21a5f40459f5b0"},"datetime":1458547071,"clinic":{"$oid":"56dbda30bb21a5f40459f56c"},"patientanswer":{"$oid":"56f0000ba30d7c677887a598"},"patient_first_name":"Mark","patient_last_name":"Hernandez","patient_email":"mphie@hotmail.com","patient_username":"mhernandez","patient_mobile":9.098335133e+09,"patient_surgery":"Kidney","clinic_name":"USC Institute of Urology","clinic_first_name":"Jamal","clinic_last_name":"Nabhani","clinic_email":"jnabhani@gmail.com","clinic_username":"USC","is_dismissed":1,"is_noted":0,"answer_out_of_range":["true"],"answer_name":["No"],"__v":0,"modified":1.458598773905e+12}
{"_id":{"$oid":"56f0d696a30d7c677887a5c0"},"ques_name":"How many times have you been up to walk in the past 6 hours?","answer_type":"rb","gender":"b","question":{"$oid":"56dbe3a7bb21a5f40459f5a8"},"ans":{"$oid":"56dbe3a7bb21a5f40459f5ab"},"questionnaire":{"$oid":"56dbe407bb21a5f40459f5ad"},"datetime":1458615087,"clinic":{"$oid":"56dbda30bb21a5f40459f56c"},"patientanswer":{"$oid":"56f0d696a30d7c677887a5bf"},"patient_first_name":"John","patient_last_name":"Nab","patient_email":"jnab1@gmail.com","patient_username":"jnab2","patient_mobile":5.623550986e+09,"patient_surgery":"Kidney","clinic_name":"USC Institute of Urology","clinic_first_name":"Jamal","clinic_last_name":"Nabhani","clinic_email":"jnabhani@gmail.com","clinic_username":"USC","is_dismissed":1,"is_noted":0,"answer_out_of_range":["true"],"answer_name":["1-2"],"__v":0,"modified":1.458628511859e+12}
{"_id":{"$oid":"56f0e97aa30d7c677887a5d6"},"ques_name":"How many times have you been up to walk in the past 6 hours?","answer_type":"rb","gender":"b","question":{"$oid":"56dbe3a7bb21a5f40459f5a8"},"ans":{"$oid":"56dbe3a7bb21a5f40459f5ac"},"questionnaire":{"$oid":"56dbe407bb21a5f40459f5ad"},"datetime":1458613887,"clinic":{"$oid":"56dbda30bb21a5f40459f56c"},"patientanswer":{"$oid":"56f0e97aa30d7c677887a5d5"},"patient_first_name":"John","patient_last_name":"Nab","patient_email":"jnab1@gmail.com","patient_username":"jnab2","patient_mobile":5.623550986e+09,"patient_surgery":"Kidney","clinic_name":"USC Institute of Urology","clinic_first_name":"Jamal","clinic_last_name":"Nabhani","clinic_email":"jnabhani@gmail.com","clinic_username":"USC","is_dismissed":1,"is_noted":0,"answer_out_of_range":["true"],"answer_name":["0"],"__v":0,"modified":1.459212877346e+12}
{"_id":{"$oid":"56f0e97aa30d7c677887a5d7"},"ques_name":"How much output have you had from you surgical drain in the last 12 hours?","answer_type":"number","gender":"b","question":{"$oid":"56dbdfa6bb21a5f40459f598"},"ans":null,"questionnaire":{"$oid":"56dbe407bb21a5f40459f5ad"},"datetime":1458613887,"clinic":{"$oid":"56dbda30bb21a5f40459f56c"},"patientanswer":{"$oid":"56f0e97aa30d7c677887a5d5"},"patient_first_name":"John","patient_last_name":"Nab","patient_email":"jnab1@gmail.com","patient_username":"jnab2","patient_mobile":5.623550986e+09,"patient_surgery":"Kidney","clinic_name":"USC Institute of Urology","clinic_first_name":"Jamal","clinic_last_name":"Nabhani","clinic_email":"jnabhani@gmail.com","clinic_username":"USC","is_dismissed":1,"is_noted":0,"answer_out_of_range":["true"],"answer_name":["163"],"__v":0,"modified":1.459212875095e+12}
{"_id":{"$oid":"56f140a9617d7112089174d5"},"ques_name":"How much output have you had from you surgical drain in the last 12 hours?","answer_type":"number","gender":"b","question":{"$oid":"56dbdfa6bb21a5f40459f598"},"ans":null,"questionnaire":{"$oid":"56dbe407bb21a5f40459f5ad"},"datetime":1458613887,"clinic":{"$oid":"56dbda30bb21a5f40459f56c"},"patientanswer":{"$oid":"56f140a9617d7112089174d4"},"patient_first_name":"John","patient_last_name":"Nab","patient_email":"jnab1@gmail.com","patient_username":"jnab2","patient_mobile":5.623550986e+09,"patient_surgery":"Kidney","clinic_name":"USC Institute of Urology","clinic_first_name":"Jamal","clinic_last_name":"Nabhani","clinic_email":"jnabhani@gmail.com","clinic_username":"USC","is_dismissed":1,"is_noted":0,"answer_out_of_range":["true"],"answer_name":["288"],"__v":0,"modified":1.459212872476e+12}
{"_id":{"$oid":"56f1efc186f7791309880290"},"ques_name":"Since your last questionnaire, does you belly feel more bloated or distended?","answer_type":"rb","gender":"b","question":{"$oid":"56dbe0f0bb21a5f40459f59b"},"ans":{"$oid":"56dbe0f0bb21a5f40459f59c"},"questionnaire":{"$oid":"56dbe499bb21a5f40459f5b0"},"datetime":1458582978,"clinic":{"$oid":"56dbda30bb21a5f40459f56c"},"patientanswer":{"$oid":"56f1efc186f779130988028f"},"patient_first_name":"Mark","patient_last_name":"Hernandez","patient_email":"mphie@hotmail.com","patient_username":"mhernandez","patient_mobile":9.098335133e+09,"patient_surgery":"Kidney","clinic_name":"USC Institute of Urology","clinic_first_name":"Jamal","clinic_last_name":"Nabhani","clinic_email":"jnabhani@gmail.com","clinic_username":"USC","is_dismissed":1,"is_noted":0,"answer_out_of_range":["true"],"answer_name":["No"],"__v":0,"modified":1.4592128692e+12}
{"_id":{"$oid":"56f1f08c86f77913098802b1"},"ques_name":"Since your last questionnaire, does you belly feel more bloated or distended?","answer_type":"rb","gender":"b","question":{"$oid":"56dbe0f0bb21a5f40459f59b"},"ans":{"$oid":"56dbe0f0bb21a5f40459f59c"},"questionnaire":{"$oid":"56dbe499bb21a5f40459f5b0"},"datetime":1458669343,"clinic":{"$oid":"56dbda30bb21a5f40459f56c"},"patientanswer":{"$oid":"56f1f08b86f77913098802b0"},"patient_first_name":"Mark","patient_last_name":"Hernandez","patient_email":"mphie@hotmail.com","patient_username":"mhernandez","patient_mobile":9.098335133e+09,"patient_surgery":"Kidney","clinic_name":"USC Institute of Urology","clinic_first_name":"Jamal","clinic_last_name":"Nabhani","clinic_email":"jnabhani@gmail.com","clinic_username":"USC","is_dismissed":1,"is_noted":0,"answer_out_of_range":["true"],"answer_name":["No"],"__v":0,"modified":1.459212879373e+12}
{"_id":{"$oid":"56f1f0fc86f77913098802c7"},"ques_name":"Since your last questionnaire, does you belly feel more bloated or distended?","answer_type":"rb","gender":"b","question":{"$oid":"56dbe0f0bb21a5f40459f59b"},"ans":{"$oid":"56dbe0f0bb21a5f40459f59c"},"questionnaire":{"$oid":"56dbe499bb21a5f40459f5b0"},"datetime":1458633389,"clinic":{"$oid":"56dbda30bb21a5f40459f56c"},"patientanswer":{"$oid":"56f1f0fc86f77913098802c6"},"patient_first_name":"Mark","patient_last_name":"Hernandez","patient_email":"mphie@hotmail.com","patient_username":"mhernandez","patient_mobile":9.098335133e+09,"patient_surgery":"Kidney","clinic_name":"USC Institute of Urology","clinic_first_name":"Jamal","clinic_last_name":"Nabhani","clinic_email":"jnabhani@gmail.com","clinic_username":"USC","is_dismissed":1,"is_noted":0,"answer_out_of_range":["true"],"answer_name":["No"],"__v":0,"modified":1.459212881062e+12}
{"_id":{"$oid":"56f2aefdae507fc5125f5b2b"},"ques_name":"Since your last questionnaire, does you belly feel more bloated or distended?","answer_type":"rb","gender":"b","question":{"$oid":"56dbe0f0bb21a5f40459f59b"},"ans":{"$oid":"56dbe0f0bb21a5f40459f59c"},"questionnaire":{"$oid":"56dbe499bb21a5f40459f5b0"},"datetime":1458719943,"clinic":{"$oid":"56dbda30bb21a5f40459f56c"},"patientanswer":{"$oid":"56f2aefdae507fc5125f5b2a"},"patient_first_name":"Mark","patient_last_name":"Hernandez","patient_email":"mphie@hotmail.com","patient_username":"mhernandez","patient_mobile":9.098335133e+09,"patient_surgery":"Kidney","clinic_name":"USC Institute of Urology","clinic_first_name":"Jamal","clinic_last_name":"Nabhani","clinic_email":"jnabhani@gmail.com","clinic_username":"USC","is_dismissed":1,"is_noted":0,"answer_out_of_range":["true"],"answer_name":["No"],"__v":0,"modified":1.459212883344e+12}
{"_id":{"$oid":"56f2fd06ae507fc5125f5b8d"},"ques_name":"Since your last questionnaire, does you belly feel more bloated or distended?","answer_type":"rb","gender":"b","question":{"$oid":"56dbe0f0bb21a5f40459f59b"},"ans":{"$oid":"56dbe0f0bb21a5f40459f59c"},"questionnaire":{"$oid":"56dbe499bb21a5f40459f5b0"},"datetime":1458755954,"clinic":{"$oid":"56dbda30bb21a5f40459f56c"},"patientanswer":{"$oid":"56f2fd06ae507fc5125f5b8c"},"patient_first_name":"Mark","patient_last_name":"Hernandez","patient_email":"mphie@hotmail.com","patient_username":"mhernandez","patient_mobile":9.098335133e+09,"patient_surgery":"Kidney","clinic_name":"USC Institute of Urology","clinic_first_name":"Jamal","clinic_last_name":"Nabhani","clinic_email":"jnabhani@gmail.com","clinic_username":"USC","is_dismissed":1,"is_noted":0,"answer_out_of_range":["true"],"answer_name":["No"],"__v":0,"modified":1.459212885174e+12}
