{"_id":{"$oid":"563c9a025472ced71333735a"},"surgery":{"$oid":"562a2d5111042fef4ea7b617"},"name":"Pathway1","description":"its a test pathway","created":{"$numberLong":"1446812162576"},"clinic":{"$oid":"562639c1b3f741c3756573da"},"is_active":1,"is_deleted":0,"questionnaire":[{"$oid":"563c51e84f2c779c4ed8473e"},{"$oid":"566561d4c29cb4985acccde8"},{"$oid":"56668286f42cbc913ec53e93"},{"$oid":"5666825ff42cbc913ec53e92"}],"__v":0,"modified":{"$numberLong":"1449559899371"}}
{"_id":{"$oid":"5672995d39fb2b571ac4b966"},"surgery":{"$oid":"567295f6ff1550e3186041a7"},"name":"test pathway","created":1.450350941288e+12,"clinic":{"$oid":"562ac68b11042fef4ea7b618"},"is_active":1,"is_deleted":0,"questionnaire":[{"$oid":"567296feff1550e3186041c4"}],"__v":0,"modified":1.45035096023e+12}
{"_id":{"$oid":"56dbe321bb21a5f40459f5a7"},"surgery":{"$oid":"56dbdb9dbb21a5f40459f56d"},"name":"Robotic or Open Partial or Radical Nephrectomy","created":1.457251105837e+12,"clinic":{"$oid":"56dbda30bb21a5f40459f56c"},"is_active":1,"is_deleted":0,"questionnaire":[{"$oid":"56dbe189bb21a5f40459f5a4"},{"$oid":"56dbe407bb21a5f40459f5ad"},{"$oid":"56dbe499bb21a5f40459f5b0"},{"$oid":"56ea10bfb7e5a9a533f0129a"}],"__v":0,"modified":1.458404653116e+12}
{"_id":{"$oid":"56dbe438bb21a5f40459f5ae"},"surgery":{"$oid":"56dbe04ebb21a5f40459f599"},"name":"Robotic Prostatectomy","created":1.457251384009e+12,"clinic":{"$oid":"56dbda30bb21a5f40459f56c"},"is_active":1,"is_deleted":0,"questionnaire":[{"$oid":"56dbe407bb21a5f40459f5ad"},{"$oid":"56dbe2e0bb21a5f40459f5a6"},{"$oid":"56dbe189bb21a5f40459f5a4"},{"$oid":"56ea10bfb7e5a9a533f0129a"}],"__v":0,"modified":1.458404659851e+12}
{"_id":{"$oid":"56dbe45dbb21a5f40459f5af"},"surgery":{"$oid":"56dbe053bb21a5f40459f59a"},"name":"Robotic or Open Cystectomy","created":1.457251421501e+12,"clinic":{"$oid":"56dbda30bb21a5f40459f56c"},"is_active":1,"is_deleted":0,"questionnaire":[{"$oid":"56dbe21bbb21a5f40459f5a5"},{"$oid":"56dbe189bb21a5f40459f5a4"},{"$oid":"56dbe407bb21a5f40459f5ad"},{"$oid":"56ea10bfb7e5a9a533f0129a"}],"__v":0,"modified":1.458404668617e+12}
{"_id":{"$oid":"56e4a46ba217ada8698fc70b"},"name":"Heart","description":"CABG","surgery":{"$oid":"56dbdb9dbb21a5f40459f56d"},"created":1.457824875735e+12,"clinic":{"$oid":"56dbda30bb21a5f40459f56c"},"is_active":1,"is_deleted":1,"questionnaire":[{"$oid":"56dbe407bb21a5f40459f5ad"},{"$oid":"56dc7ab9bb21a5f40459f5b3"},{"$oid":"56dbe189bb21a5f40459f5a4"}],"__v":0,"modified":1.458193896547e+12}
{"_id":{"$oid":"56ea461bb7e5a9a533f012ac"},"surgery":{"$oid":"56ea45dab7e5a9a533f012ab"},"name":"Patient Satisfaction","created":1.458193947878e+12,"clinic":{"$oid":"56dbda30bb21a5f40459f56c"},"is_active":1,"is_deleted":0,"questionnaire":[{"$oid":"56ea10bfb7e5a9a533f0129a"}],"__v":0}
