{"_id":{"$oid":"562f00ae852fa25c123871a0"},"date_of_birth":-6.0957126e+09,"dos":8.86278906e+10,"gender":"F","username":"test","password":"123456","first_name":"test","last_name":"patient","email":"test@mail.com","phone":986532178,"mobile":9.874563212e+09,"address1":"Test Street","age":65,"surgery":{"$oid":"562a2d5111042fef4ea7b617"},"created":{"$numberLong":"1445920942456"},"clinic":{"$oid":"562639c1b3f741c3756573da"},"is_active":1,"is_deleted":0,"__v":0,"pathway":{"$oid":"563c9a025472ced71333735a"},"bmi":"60.00","modified":1450765818,"height":100,"weight":60,"blood_transfusion":"","dohd":1450290600,"time_of_discharge":"1450353420"}
{"_id":{"$oid":"564ec4dc0648041454a48cf2"},"date_of_birth":{"$numberLong":"816501600000"},"age":20,"dos":{"$numberLong":"1447999200000"},"gender":"F","neoadjuvant_chemotherapy":"na","tumor_laterality":"na","username":"raman","password":"123456","first_name":"raman","last_name":"preet`","email":"ramantest.sdei@gmail.com","mobile":{"$numberLong":"234534554534"},"address1":"dfgdfgdfg","height":170,"bmi":"23.183391003460205","weight":67,"surgery":{"$oid":"562a2d5111042fef4ea7b617"},"pathway":{"$oid":"563c9a025472ced71333735a"},"created":{"$numberLong":"1448002780943"},"clinic":{"$oid":"562639c1b3f741c3756573da"},"is_active":1,"is_deleted":0,"__v":0,"modified":1450353423,"dohd":1450353423,"time_of_discharge":"1450353423"}
{"_id":{"$oid":"567299b439fb2b571ac4b967"},"date_of_birth":8.193114e+11,"age":19,"dos":1.4502906e+12,"gender":"M","neoadjuvant_chemotherapy":"na","tumor_laterality":"na","username":"patient1","password":"12345","first_name":"raman11111","last_name":"patient","email":"dsfsdf@ghgfj.oo","mobile":3.24234234234e+11,"address1":"dfgdfg","height":120,"weight":60,"bmi":"41.67","surgery":{"$oid":"567295f6ff1550e3186041a7"},"pathway":{"$oid":"5672995d39fb2b571ac4b966"},"created":1.45035102878e+12,"clinic":{"$oid":"562ac68b11042fef4ea7b618"},"is_active":1,"is_deleted":0,"__v":0,"modified":1450351089}
{"_id":{"$oid":"569e1d20ef8c64cc135c8621"},"date_of_birth":1453141800,"age":0,"dos":1453141800,"gender":"M","neoadjuvant_chemotherapy":"na","tumor_laterality":"na","username":"test_clinic","password":"333333","first_name":"rr","email":"test@mail.com","phone":4.565464554e+09,"mobile":5.555555555555555e+29,"address1":"ghjghjghj","weight":78,"bmi":"216.67","height":60,"surgery":{"$oid":"562bc65111042fef4ea7b619"},"created":1453202720,"clinic":{"$oid":"562639c1b3f741c3756573da"},"is_active":1,"is_deleted":1,"__v":0,"modified":1453202732}
