{"_id":{"$oid":"5666825ff42cbc913ec53e92"},"name":"Initial Questionnaire","created":{"$numberLong":"1449558623598"},"is_active":1,"is_deleted":0,"dates":[],"days":[],"total_days":0,"start_day":0,"time_slots":[],"execute_time":4,"question":[{"$oid":"565eb9a8d8d9712128788dae"},{"$oid":"56655c1924845ae44529ef24"},{"$oid":"56655c2b24845ae44529ef27"},{"$oid":"565eb97ad8d9712128788da9"}],"type":"single","__v":0,"modified":1.450414378072e+12,"clinic":{"$oid":"562639c1b3f741c3756573da"}}
{"_id":{"$oid":"56668286f42cbc913ec53e93"},"name":"Next Questionnaire","recur_type":"d","created":{"$numberLong":"1449558662920"},"is_active":1,"is_deleted":0,"dates":[],"days":[],"total_days":90,"start_day":1,"time_slots":["00:00","00:15","00:30","00:45","01:00","01:15","01:30","01:45","02:00","02:15","02:30","02:45","03:00","03:15","03:30","03:45","04:00","04:15","04:30","04:45","05:00","05:15","05:30","05:45","06:00","06:15","06:30","06:45","07:00","07:15","07:30","07:45","08:00","08:15","08:30","08:45","09:00","09:15","09:30","09:45","10:00","10:15","10:30","10:45","11:00","11:15","11:30","11:45","12:00","12:15","12:30","12:45","13:00","13:15","13:30","13:45","14:00","14:15","14:30","14:45","15:00","15:15","15:30","15:45","16:00","16:15","16:30","16:45","17:00","17:15","17:30","17:45","18:00","18:15","18:30","18:45","19:00","19:15","19:30","19:45","20:00","20:15","20:30","20:45","21:00","21:15","21:30","21:45","22:00","22:15","22:30","22:45","23:00","23:15","23:30","23:45"],"execute_time":0,"question":[{"$oid":"563c99c65472ced713337359"},{"$oid":"563c51b34f2c779c4ed8473b"},{"$oid":"56655bfc24845ae44529ef21"},{"$oid":"56655c1924845ae44529ef24"},{"$oid":"565eb989d8d9712128788dad"},{"$oid":"565eb97ad8d9712128788da9"},{"$oid":"56656efaba38c39e78f85547"},{"$oid":"56655c2b24845ae44529ef27"}],"type":"recursive","__v":0,"modified":1.459143384428e+12,"clinic":{"$oid":"562639c1b3f741c3756573da"}}
{"_id":{"$oid":"567296feff1550e3186041c4"},"name":"ques1","recur_type":"d","created":1.450350334061e+12,"is_active":1,"is_deleted":0,"dates":[],"days":[],"total_days":10,"start_day":1,"time_slots":[null,null,null,"14:30","15:30","16:30"],"execute_time":0,"question":[{"$oid":"56729641ff1550e3186041aa"},{"$oid":"5672964fff1550e3186041ad"},{"$oid":"5672968bff1550e3186041b7"},{"$oid":"56729661ff1550e3186041ae"},{"$oid":"56729677ff1550e3186041b2"},{"$oid":"56729697ff1550e3186041b8"},{"$oid":"567296a1ff1550e3186041bb"},{"$oid":"567296b1ff1550e3186041bc"},{"$oid":"567296c1ff1550e3186041c0"},{"$oid":"567296d0ff1550e3186041c3"}],"type":"recursive","__v":0,"modified":1.450350956001e+12,"clinic":{"$oid":"562ac68b11042fef4ea7b618"}}
{"_id":{"$oid":"56739c5e0c3d90c00ee29835"},"name":"rwer","recur_type":"d","clinic":{"$oid":"562639c1b3f741c3756573da"},"created":1.450417246895e+12,"is_active":1,"is_deleted":1,"dates":[],"days":[],"total_days":34,"start_day":2,"time_slots":[null,null,"18:30","19:00"],"execute_time":0,"question":[],"type":"recursive","__v":0,"modified":1.453972231256e+12}
{"_id":{"$oid":"56739dfa0c3d90c00ee29836"},"name":"eeee","recur_type":"d","clinic":{"$oid":"562639c1b3f741c3756573da"},"created":1.450417658229e+12,"is_active":1,"is_deleted":1,"dates":[],"days":[],"total_days":3,"start_day":1,"time_slots":["06:30","07:00","07:30","09:30","10:00","10:30","12:00","12:30","15:30","15:00","14:30","18:00","18:30"],"execute_time":0,"question":[],"type":"recursive","__v":0,"modified":1.453972227528e+12}
{"_id":{"$oid":"5677a01f01d039650f23357d"},"name":"zzzz","clinic":{"$oid":"562639c1b3f741c3756573da"},"created":1.450680351242e+12,"is_active":1,"is_deleted":1,"dates":[],"days":[],"total_days":0,"start_day":0,"time_slots":[],"execute_time":2,"question":[],"type":"single","__v":0,"modified":1.453972224592e+12}
{"_id":{"$oid":"56dbe189bb21a5f40459f5a4"},"name":"Arrival Home","clinic":{"$oid":"56dbda30bb21a5f40459f56c"},"created":1.457250697243e+12,"is_active":1,"is_deleted":0,"dates":[],"days":[],"total_days":0,"start_day":0,"time_slots":[],"execute_time":2,"question":[{"$oid":"56dbdbf6bb21a5f40459f56e"},{"$oid":"56dbdc8fbb21a5f40459f571"}],"type":"single","__v":0,"modified":1.457250767288e+12}
{"_id":{"$oid":"56dbe21bbb21a5f40459f5a5"},"name":"Twice Daily Check-In (Drain)","recur_type":"d","clinic":{"$oid":"56dbda30bb21a5f40459f56c"},"created":1.457250843752e+12,"is_active":1,"is_deleted":0,"dates":[],"days":[],"total_days":14,"start_day":0,"time_slots":["08:00","16:00"],"execute_time":0,"question":[{"$oid":"56dbdc8fbb21a5f40459f571"},{"$oid":"56dbdcbebb21a5f40459f57d"},{"$oid":"56dbdd6bbb21a5f40459f580"},{"$oid":"56dbe163bb21a5f40459f5a1"},{"$oid":"56dbde6cbb21a5f40459f592"},{"$oid":"56dbe12bbb21a5f40459f59e"},{"$oid":"56dbe0f0bb21a5f40459f59b"},{"$oid":"56dbde8fbb21a5f40459f595"},{"$oid":"56dbdd9fbb21a5f40459f589"},{"$oid":"56dbddefbb21a5f40459f58f"},{"$oid":"56dbddd2bb21a5f40459f58c"},{"$oid":"56dbdfa6bb21a5f40459f598"},{"$oid":"56dfa65ba1a93a673c1ea626"}],"type":"recursive","__v":0,"modified":1.457557355774e+12}
{"_id":{"$oid":"56dbe2e0bb21a5f40459f5a6"},"name":"Twice Daily Check-In (No Drain)","recur_type":"d","clinic":{"$oid":"56dbda30bb21a5f40459f56c"},"created":1.457251040495e+12,"is_active":1,"is_deleted":0,"dates":[],"days":[],"total_days":14,"start_day":0,"time_slots":["08:00","16:00"],"execute_time":0,"question":[{"$oid":"56dbdc8fbb21a5f40459f571"},{"$oid":"56dbdcbebb21a5f40459f57d"},{"$oid":"56dbdd6bbb21a5f40459f580"},{"$oid":"56dbdd9fbb21a5f40459f589"},{"$oid":"56dbddd2bb21a5f40459f58c"},{"$oid":"56dbddefbb21a5f40459f58f"},{"$oid":"56dbde6cbb21a5f40459f592"},{"$oid":"56dfa65ba1a93a673c1ea626"},{"$oid":"56dbde8fbb21a5f40459f595"},{"$oid":"56dbdfa6bb21a5f40459f598"},{"$oid":"56dbe0f0bb21a5f40459f59b"},{"$oid":"56dbe12bbb21a5f40459f59e"}],"type":"recursive","__v":0,"modified":1.457557335767e+12}
{"_id":{"$oid":"56dbe407bb21a5f40459f5ad"},"name":"Ambulation","recur_type":"d","clinic":{"$oid":"56dbda30bb21a5f40459f56c"},"created":1.45725133565e+12,"is_active":1,"is_deleted":0,"dates":[],"days":[],"total_days":30,"start_day":0,"time_slots":["10:00","14:00","18:00"],"execute_time":0,"question":[{"$oid":"56dbe3a7bb21a5f40459f5a8"},{"$oid":"56dbdfa6bb21a5f40459f598"}],"type":"recursive","__v":0,"modified":1.459212940555e+12}
{"_id":{"$oid":"56dbe499bb21a5f40459f5b0"},"name":"Twice Daily Check-In (No Drain, No Catheter)","recur_type":"d","clinic":{"$oid":"56dbda30bb21a5f40459f56c"},"created":1.457251481586e+12,"is_active":1,"is_deleted":0,"dates":[],"days":[],"total_days":14,"start_day":0,"time_slots":["00:00","00:15","00:30","00:45","01:00","01:15","01:30","01:45","02:00","02:15","02:30","02:45","03:00","03:15","03:30","03:45","04:00","04:15","04:30","04:45","05:00","05:15","05:30","05:45","06:00","06:15","06:30","06:45","07:00","07:15","07:30","07:45","08:00","08:15","08:30","08:45","09:00","09:15","09:30","09:45","10:00","10:15","10:30","10:45","11:00","11:15","11:30","11:45","12:00","12:15","12:30","12:45","13:00","13:15","13:30","13:45","14:00","14:15","14:30","14:45","15:00","15:15","15:30","15:45","16:00","16:15","16:30","16:45","17:00","17:15","17:30","17:45","18:00","18:15","18:30","18:45","19:00","19:15","19:30","19:45","20:00","20:15","20:30","20:45","21:00","21:15","21:30","21:45","22:00","22:15","22:30","22:45","23:00","23:15","23:30","23:45"],"execute_time":0,"question":[{"$oid":"56dbdc8fbb21a5f40459f571"},{"$oid":"56dbdd6bbb21a5f40459f580"},{"$oid":"56dbde6cbb21a5f40459f592"},{"$oid":"56dbdcbebb21a5f40459f57d"},{"$oid":"56dbe0f0bb21a5f40459f59b"},{"$oid":"56dbe12bbb21a5f40459f59e"},{"$oid":"56dbdd9fbb21a5f40459f589"},{"$oid":"56dbddefbb21a5f40459f58f"},{"$oid":"56dbddd2bb21a5f40459f58c"},{"$oid":"56dbde8fbb21a5f40459f595"},{"$oid":"56dfa65ba1a93a673c1ea626"}],"type":"recursive","__v":0,"modified":1.459147188748e+12}
{"_id":{"$oid":"56dc7ab9bb21a5f40459f5b3"},"recur_type":"d","name":"Home health","clinic":{"$oid":"56dbda30bb21a5f40459f56c"},"created":1.457289913408e+12,"is_active":1,"is_deleted":0,"dates":[],"days":[],"total_days":14,"start_day":1,"time_slots":["15:00"],"execute_time":0,"question":[],"type":"recursive","__v":0,"modified":1.457497982325e+12}
{"_id":{"$oid":"56e4a44aa217ada8698fc70a"},"name":"Heart","recur_type":"d","clinic":{"$oid":"56dbda30bb21a5f40459f56c"},"created":1.457824842351e+12,"is_active":1,"is_deleted":0,"dates":[],"days":[],"total_days":14,"start_day":3,"time_slots":["11:00","14:00"],"execute_time":0,"question":[],"type":"recursive","__v":0}
{"_id":{"$oid":"56ea10bfb7e5a9a533f0129a"},"name":"Patient Satisfaction Questionnaire","clinic":{"$oid":"56dbda30bb21a5f40459f56c"},"created":1.458180287201e+12,"is_active":1,"is_deleted":0,"dates":[],"days":[],"total_days":0,"start_day":0,"time_slots":[],"execute_time":168,"question":[{"$oid":"56ea0cb5b7e5a9a533f01240"},{"$oid":"56ea0cf8b7e5a9a533f01245"},{"$oid":"56ea0d35b7e5a9a533f0124a"},{"$oid":"56ea0d68b7e5a9a533f0124f"},{"$oid":"56ea0d94b7e5a9a533f01254"},{"$oid":"56ea0dbbb7e5a9a533f01259"},{"$oid":"56ea0dedb7e5a9a533f0125e"},{"$oid":"56ea0e2ab7e5a9a533f01263"},{"$oid":"56ea0e8bb7e5a9a533f01268"},{"$oid":"56ea0ebab7e5a9a533f0126d"},{"$oid":"56ea0ef0b7e5a9a533f01272"},{"$oid":"56ea0f58b7e5a9a533f01277"},{"$oid":"56ea0f98b7e5a9a533f0127c"},{"$oid":"56ea0fc4b7e5a9a533f01281"},{"$oid":"56ea0fecb7e5a9a533f01286"},{"$oid":"56ea1022b7e5a9a533f0128b"},{"$oid":"56ea104bb7e5a9a533f01290"}],"type":"single","__v":0,"modified":1.458180380925e+12}
