{"_id":{"$oid":"562a2d5111042fef4ea7b617"},"name":"Urology","description":"This is a test Surgery cretaed for development purpose.","created":{"$numberLong":"1445604689903"},"clinic":{"$oid":"562639c1b3f741c3756573da"},"is_active":1,"is_deleted":0,"__v":0,"modified":{"$numberLong":"1446805590089"}}
{"_id":{"$oid":"562bc65111042fef4ea7b619"},"name":"RALP","description":"Robotic Assisted Laparoscopic Prostatectomy","created":{"$numberLong":"1445709393981"},"clinic":{"$oid":"562639c1b3f741c3756573da"},"is_active":1,"is_deleted":0,"__v":0,"modified":{"$numberLong":"1449487583640"}}
{"_id":{"$oid":"562effe9852fa25c1238719f"},"name":"Test Surgery","description":"This is test surgeryThis is test surgeryThis is test surgeryThis is test surgeryThis is test surgeryThis is test surgery.","created":{"$numberLong":"1445920745848"},"clinic":{"$oid":"562639c1b3f741c3756573da"},"is_active":1,"is_deleted":1,"__v":0,"modified":1.453957592062e+12}
{"_id":{"$oid":"567295f6ff1550e3186041a7"},"name":"test surgery","created":1.45035007005e+12,"clinic":{"$oid":"562ac68b11042fef4ea7b618"},"is_active":1,"is_deleted":0,"__v":0}
{"_id":{"$oid":"56a99b6eb3b9257b0c762a6e"},"name":"rtyrey56756_65756","created":1.45395595089e+12,"clinic":{"$oid":"562639c1b3f741c3756573da"},"is_active":1,"is_deleted":1,"__v":0,"modified":1.453957578744e+12}
{"_id":{"$oid":"56aafa9c48e2a366373d9d28"},"name":"RoboticProstatectomy","created":1.454045852152e+12,"clinic":{"$oid":"562ac68b11042fef4ea7b618"},"is_active":1,"is_deleted":0,"__v":0}
{"_id":{"$oid":"56dbdb9dbb21a5f40459f56d"},"name":"Kidney","created":1.457249181202e+12,"clinic":{"$oid":"56dbda30bb21a5f40459f56c"},"is_active":1,"is_deleted":0,"__v":0,"modified":1.457497947931e+12,"description":"Robotic and open partial and radical nephrectomies"}
{"_id":{"$oid":"56dbe04ebb21a5f40459f599"},"name":"Prostate","created":1.457250382093e+12,"clinic":{"$oid":"56dbda30bb21a5f40459f56c"},"is_active":1,"is_deleted":0,"__v":0,"description":"Robotic prostatectomy","modified":1.45725043395e+12}
{"_id":{"$oid":"56dbe053bb21a5f40459f59a"},"name":"Bladder","created":1.457250387334e+12,"clinic":{"$oid":"56dbda30bb21a5f40459f56c"},"is_active":1,"is_deleted":0,"__v":0,"description":"Robotic and open cystectomy with urinary diversion","modified":1.457250475449e+12}
{"_id":{"$oid":"56ea45dab7e5a9a533f012ab"},"name":"PatientSatisfaction","created":1.458193882757e+12,"clinic":{"$oid":"56dbda30bb21a5f40459f56c"},"is_active":1,"is_deleted":0,"__v":0}
{"_id":{"$oid":"56eb061eb7e5a9a533f012c2"},"name":"CHF","description":"Post-discharge CHF monitoring","created":1.458243102374e+12,"clinic":{"$oid":"56dbda30bb21a5f40459f56c"},"is_active":1,"is_deleted":0,"__v":0}
